S.No,Course Name,Slot Name,Units,Type,Instructor,Instructor Email,Lecture Time,Tutorial Time,Practical Time,Vacancy,Current Strength,Course Code
1,MAJOR PROJECT,P,0.0-0.0-80.0,,EMIR BHATIA,divit70@am.iitd.ac.in,,,,60,3,AMD895
2,DESIGN PROJECT,P,0.0-0.0-20.0,,KIARA ISSAC,yakshitgola@am.iitd.ac.in,,,,60,25,AMD899
3,ENGG. MATHEMATICS & MECHANICS,F,3.0-0.0-0.0,,TAIMUR SAMI,shankarmiraya@am.iitd.ac.in,TThF 11:00-12:00,,,90,21,AML701
4,APPLIED FLUID DYNAMICS,J,3.0-1.0-0.0,,JIVIKA BERA,randhawaanay@am.iitd.ac.in,MTF 12:00-13:00,,,90,25,AML713
5,SOLID MECHANICS,X,3.0-0.0-0.0,,KASHVI SUNDARAM,myra66@am.iitd.ac.in,,,,60,19,AML732
6,DYNAMICS,H,3.0-0.0-0.0,,TUSHAR MANI,rohan71@am.iitd.ac.in,M 11:00-12:00,,,60,26,AML733
7,ADVANCED DYNAMICS,M,3.0-1.0-0.0,,TUSHAR MANI,rohan71@am.iitd.ac.in,MTh 17:00-18:30,,,150,0,AML734
8,MATERIALS FOR MARINE VEHICLES,X,3.0-0.0-0.0,,KIAAN GANESH,doraadah@mse.iitd.ac.in,,,,60,26,AML751
9,DECISION THEORY & DESIGN OPTIMIZATION,H,3.0-0.0-0.0,,DIVIJ AGRAWAL,armaanbarad@am.iitd.ernet.in,M 11:00-12:00,,,50,0,AML771
10,DESIGN METHODS,D,3.0-0.0-0.0,,ROHAN THAMAN,sahaehsaan@am.iitd.ernet.in,TWF 09:00-10:00,,,70,0,AML775
11,SHIP RESISTANCE & PROPULSION,X,3.0-0.0-0.0,,BIJU GOUR,eladhingra@am.iitd.ac.in,,,,60,19,AML791
12,STRUCTURAL DESIGN OF SHIPS.,X,3.0-0.0-0.0,,BIJU GOUR,eladhingra@am.iitd.ac.in,,,,60,20,AML792
13,WARSHIP DESIGN,X,3.0-0.0-0.0,,BIJU GOUR,eladhingra@am.iitd.ac.in,,,,60,20,AML794
14,ADVANCED FINITE ELEMENT METHODS,F,3.0-0.0-0.0,,TIYA BABU,gokul13@am.iitd.ac.in,TThF 11:00-12:00,,,50,22,AML805
15,APPLIED PLASTICITY,X,3.0-0.0-0.0,,STUVAN LATA,somantushar@am.iitd.ac.in,,,,50,6,AML833
16,ADVANCES THEORY OF ELASTICITY,X,3.0-0.0-0.0,,INDRANS BEHL,vihaansodhi@am.iitd.ac.in,,,,30,11,AML841
17,MAJOR PROJECT PART-I,P,0.0-0.0-12.0,,EMIR BHATIA,divit70@am.iitd.ac.in,,,,600,32,APD811
18,ENGINEERING MECHANICS,A,3.0-1.0-0.0,,TARINI CHOUDHRY,asaxena@am.iitd.ac.in,MTh 08:00-09:30,MTThF 13:00-14:00,,500,589,APL100
19,INTR.TO MATERIAL SC. & ENGG.,E,3.0-0.0-2.0,,HRISHITA SAHA,bkar@mse.iitd.ac.in,TWF 10:00-11:00,,,350,307,APL102
20,EXPERIMENTAL METHODS,F,3.0-0.0-2.0,,ANAHI GHOSH,rhea45@am.iitd.ac.in,TThF 11:00-12:00,,,150,97,APL103
21,SOLID MECHANICS,D,3.0-1.0-0.0,,MOHANLAL HAYER,hkakar@am.iitd.ac.in,TWF 09:00-10:00,MTThF 14:00-15:00,,150,153,APL104
22,FLUID MECHANICS,F,3.0-1.0-0.0,,AARNA THAMAN,kalashray@am.iitd.ac.in,TThF 11:00-12:00,MTThF 13:00-14:00,,150,85,APL106
23,MECHANICS OF FLUIDS,D,3.0-1.0-2.0,,PARINAAZ SUBRAMANIAM,keermyra@am.iitd.ac.in,TWF 09:00-10:00,MTThF 14:00-15:00,,150,96,APL107
24,MECHANICS OF SOLIDS,F,3.0-1.0-2.0,,TUSHAR RANGANATHAN,taimurbedi@am.iitd.ac.in,TThF 11:00-12:00,MTThF 13:00-14:00,,150,97,APL108
25,EXPERIMENTAL METHODS,B,1.0-0.0-2.0,,SIYA SOOD,advik48@am.iitd.ac.in,MTh 09:30-11:00,,,60,59,APL700
26,CONTINUUM MECHANICS,C,3.0-0.0-0.0,,DIYA KOHLI,aaryahi28@am.iitd.ac.in,TWF 08:00-09:00,,,125,111,APL701
27,Experimental methods for Solids and Fluids,B,2.0-0.0-2.0,,SIYA SOOD,advik48@am.iitd.ac.in,MTh 09:30-11:00,,,60,0,APL702
28,ENGINEERING MATHEMATIC & COMP.,A,3.0-0.0-2.0,,EMIR BHATIA,divit70@am.iitd.ac.in,MTh 08:00-09:30,,,80,68,APL703
29,COMPUTER AIDED DESIGN,B,3.0-0.0-2.0,,SAMIHA SURESH,dashalia@cc.iitd.ernet.in,MTh 09:30-11:00,,,40,17,APL710
30,PROPERTIES & SEL. OF ENGG MAT.,AB,3.0-0.0-0.0,,KIAAN GANESH,doraadah@mse.iitd.ac.in,MTh 15:30-17:00,,,90,67,APL753
31,FRACTURE MECHANICS,AA,3.0-0.0-0.0,,SAANVI BORA,bhasindivyansh@am.iitd.ac.in,MTh 14:00-15:30,,,30,20,APL765
32,MAJOR PROJECT PART 1 (BB1),P,0.0-0.0-6.0,,YUVAAN SINGH,ela11@dbeb.iitd.ac.in,,,,80,39,BBD451
33,MAJOR PROJECT PART 1 (BB5),P,0.0-0.0-12.0,,JAYAN WARRIOR,oorja39@dbeb.iitd.ac.in,,,,60,4,BBD851
34,MAJOR PROJECT PART 2 (BB5),P,0.0-0.0-28.0,,JAYAN WARRIOR,oorja39@dbeb.iitd.ac.in,,,,60,1,BBD852
35,MAJOR PROJECT PART 1 (BB5),P,0.0-0.0-8.0,,JAYAN WARRIOR,oorja39@dbeb.iitd.ac.in,,,,60,8,BBD853
36,MAJOR PROJECT PART 2 (BB5),P,0.0-0.0-32.0,,JAYAN WARRIOR,oorja39@dbeb.iitd.ac.in,,,,60,0,BBD854
37,MAJOR PROJECT (MSR),P,0.0-0.0-72.0,,GOKUL SAVANT,rohankothari@dbeb.iitd.ac.in,,,,50,0,BBD895
38,PRINCIPLES OF BIOCHEMISTRY,D,3.0-0.0-3.0,,AARYAHI THAKER,amiradugar@dbeb.iitd.ac.in,TWF 09:00-10:00,,,80,59,BBL131
39,GENERAL MICROBIOLOGY,F,3.0-0.0-3.0,,TARINI VENKATARAMAN,mahikagoswami@dbeb.iitd.ac.in,TThF 11:00-12:00,,,80,59,BBL132
40,MASS & ENERGY BALANCES IN BIO.,H,3.0-0.0-0.0,,PURAB WARRIOR,fsharma@dbeb.iitd.ac.in,M 11:00-12:00,,,80,73,BBL133
41,MOLECULAR BIOLOGY & GENETICS,D,3.0-0.0-3.0,,INDRAJIT DHILLON,udua@dbeb.iitd.ac.in,TWF 09:00-10:00,,,80,59,BBL231
42,BIOPROCESS ENGINEERING,B,3.0-0.0-0.0,,GOKUL SHANKER,iraborah@dbeb.iitd.ac.in,MTh 09:30-11:00,,,80,60,BBL331
43,BIOSEPARATION ENGINEERING,C,3.0-0.0-3.0,,GOKUL SAVANT,rohankothari@dbeb.iitd.ac.in,TWF 08:00-09:00,,,80,63,BBL731
44,BIOPROCESS PLANT DESIGN,B,3.0-0.0-2.0,,DIVIT CHADA,lavanyashenoy@dbeb.iitd.ac.in,MTh 09:30-11:00,,,80,56,BBL732
45,RECOMBINANT DNA TECHNOLOGY,D,2.0-0.0-3.0,,JAYAN WARRIOR,oorja39@dbeb.iitd.ac.in,TWF 09:00-10:00,,,80,58,BBL733
46,METABOLIC REGULATION AND ENGG.,H,3.0-0.0-0.0,,DHRUV KAR,elad@dbeb.iitd.ac.in,M 11:00-12:00,,,80,20,BBL734
47,GENOMICS AND PROTEOMICS,D,2.0-0.0-2.0,,MANNAT MAMMEN,dhruv94@dbeb.iitd.ac.in,TWF 09:00-10:00,,,60,20,BBL735
48,INST. & ANA. METH. IN BIOENGG.,E,2.0-0.0-2.0,,TAIMUR SARAF,himmat68@dbeb.iitd.ac.in,TWF 10:00-11:00,,,80,19,BBL737
49,PROTEIN SCIENCE & ENGINEERING,H,3.0-0.0-0.0,,VIDUR SURI,qkari@dbeb.iitd.ac.in,M 11:00-12:00,,,60,17,BBL741
50,HIGH RESOLUTION METHODS IN BI.,F,2.0-0.0-2.0,,NIRVAAN TRIVEDI,hunar60@dbeb.iitd.ac.in,TThF 11:00-12:00,,,60,23,BBL743
51,OPTICS WITHIN LIFE SICENCES,F,3.0-0.0-0.0,,YUVAAN SINGH,ela11@dbeb.iitd.ac.in,TThF 11:00-12:00,,,60,24,BBL754
52,MICROBIAL BIOCHEMISRY,J,3.0-0.0-0.0,,OJAS KULKARNI,nirvi47@dbeb.iitd.ac.in,MTF 12:00-13:00,,,40,14,BBL830
53,ADVANCED BIOCHEMICALENGINEERING,B,3.0-0.0-4.0,,MANNAT ROY,bhamini77@dbeb.iitd.ac.in,MTh 09:30-11:00,,,40,15,BBL850
54,INTRODUCTION TO BIOCHEM. ENGG.,M,0.0-0.0-2.0,,TAIMUR SARAF,himmat68@dbeb.iitd.ac.in,,,,80,55,BBN101
55,BIOPROCESS ENGINEERING LAB,P,0.0-0.0-3.0,,GOKUL SHANKER,iraborah@dbeb.iitd.ac.in,,,,90,60,BBP332
56,SEMINAR COURSE - I,P,0.0-0.0-2.0,,TAIMUR SARAF,himmat68@dbeb.iitd.ac.in,,,,30,28,BBQ301
57,SEMINAR COURSE - II,P,0.0-0.0-2.0,,DHRUV KAR,elad@dbeb.iitd.ac.in,,,,30,25,BBQ302
58,MAJOR PROJECT,P,0.0-0.0-80.0,,GOKUL SAVANT,rohankothari@dbeb.iitd.ac.in,,,,50,1,BED800
59,MAJOR PROJECT PART-I,P,0.0-0.0-12.0,,RAGHAV CHOPRA,pranay28@care.iitd.ac.in,,,,30,25,CRD811
60,MAJOR PROJECT PART 2,P,0.0-0.0-24.0,,RAGHAV CHOPRA,pranay28@care.iitd.ac.in,,,,20,0,CRD812
61,BASICS OF STATISTICAL SIGNAL A,E,2.0-0.0-2.0,,ONKAR VAIDYA,badalsiya@care.iitd.ac.in,TWF 10:00-11:00,,,60,10,CRL601
62,BASICS OF RF AND MICROWAVES,H,2.0-1.0-0.0,,JIVIN SARRAF,bhatiatejas@care.iitd.ac.in,M 11:00-12:00,W 11:00-12:00,,60,7,CRL611
63,FUNDAMENTALS OF SEMICONDUCTOR,B,3.0-0.0-0.0,,BADAL SHAN,lavanyatata@care.iitd.ac.in,MTh 09:30-11:00,,,60,0,CRL621
64,HUMAN & MACHINE SPEECH COMMUNICATION,E,3.0-0.0-0.0,,SAHIL YADAV,xvarty@care.iitd.ac.in,TWF 10:00-11:00,,,60,18,CRL707
65,UNDERWATER ELECTRONIC SYSTEMS,J,3.0-0.0-0.0,,INDRANS SHUKLA,qdass@care.iitd.ac.in,MTF 12:00-13:00,,,60,7,CRL709
66,CAD OF RF AND MICROWAVE DEVICES,A,3.0-0.0-2.0,,RANIA BORDE,mammengatik@care.iitd.ac.in,MTh 08:00-09:30,,,60,33,CRL711
67,RADIATING SYSTEM FOR RF COMMUNICATION,H,3.0-0.0-0.0,,JIVIN SARRAF,bhatiatejas@care.iitd.ac.in,M 11:00-12:00,,,60,10,CRL715
68,TECHNOLOGY OF RF AND MICROWAVE SOLID STATE DEVICES,B,3.0-0.0-0.0,,NIRVAAN DEY,neelofar82@care.iitd.ac.in,MTh 09:30-11:00,,,60,9,CRL725
69,SENSORS AND TRANSDUCERS,F,3.0-0.0-0.0,,RAGHAV CHOPRA,pranay28@care.iitd.ac.in,TThF 11:00-12:00,,,60,12,CRL729
70,SELECTED TOPICS IN RFDT-III,J,3.0-0.0-0.0,,SEHER APTE,nuppal@care.iitd.ernet.in,MTF 12:00-13:00,,,60,10,CRL733
71,RF AND MICROWAVE MEASUREMENT LAB.,P,1.0-0.0-6.0,,RANIA BORDE,mammengatik@care.iitd.ac.in,,,,40,29,CRP718
72,FABRICATION TECHNIQUES FOR RF & MICROWAVE DEVICES,P,1.0-0.0-4.0,,NIRVAAN DEY,neelofar82@care.iitd.ac.in,,,,60,29,CRP723
73,PROJECT-I,AC,0.0-0.0-12.0,,ELA MAMMEN,tarinigara@cas.iitd.ac.in,,,,12,9,ASD881
74,"CLIMATE CHANGE: IMPACTS, ADAPTATION & MITIGATION",J,3.0-0.0-2.0,,PIHU BORAH,chirag52@cas.iitd.ac.in,MTF 12:00-13:00,,,80,76,ASL320
75,INTRODUCTION TOOCEANOGRAPHY,B,3.0-0.0-0.0,,RIYA MALHOTRA,gkar@cas.iitd.ac.in,MTh 09:30-11:00,,,50,2,ASL350
76,THE EARTH`S ATMOSPHERE: PHYSICAL PRINCIPLES,M,3.0-0.0-0.0,,ARADHYA RAMAKRISHNAN,anika44@cas.iitd.ac.in,MTh 17:00-18:30,,,80,66,ASL360
77,"INTRODUCTION TO WEATHER, CLIMA",AB,1.0-0.0-0.0,,NAKUL KOTA,yakshit51@cas.iitd.ac.in,MTh 15:30-17:00,,,25,14,ASL730
78,MATHEMATICAL AND COMPUTATIONAL,H,2.0-0.0-2.0,,SHRAY KAPUR,kantlavanya@cas.iitd.ac.in,M 11:00-12:00,,,25,13,ASL732
79,PHYSICS OF THE ATMOSPHERE,B,3.0-0.0-0.0,,MIRAYA IYENGAR,rbehl@cas.iitd.ac.in,MTh 09:30-11:00,,,50,31,ASL733
80,DYNAMICS OF THE ATMOSPHERE,J,3.0-0.0-0.0,,KHUSHI BATTA,arnav12@cas.iitd.ac.in,MTF 12:00-13:00,,,50,27,ASL734
81,ATMOSPHERIC CHEMISTRY AND AIR,D,3.0-0.0-0.0,,OJAS DARA,shraychaudhry@cas.iitd.ac.in,TWF 09:00-10:00,,,50,24,ASL735
82,BOUNDARY LAYER METEOROLOGY,H,3.0-0.0-0.0,,TIYA RAVEL,jayan11@cas.iitd.ac.in,M 11:00-12:00,,,50,4,ASL750
83,REMOTE SENSING OF THE ATMOSPHERE AND OCEAN,F,3.0-0.0-0.0,,ADVIKA DEEP,ebalasubramanian@cas.iitd.ac.in,TThF 11:00-12:00,,,80,20,ASL755
84,EARTH SYSTEM MODELING,K,3.0-0.0-0.0,,ELA MAMMEN,tarinigara@cas.iitd.ac.in,"W 12:00-13:00 ,TF 17:00-18:00",,,80,6,ASL761
85,AIR-SEA INTERACTION,J,3.0-0.0-0.0,,OORJA DADA,parinaaz85@cas.iitd.ac.in,MTF 12:00-13:00,,,80,15,ASL762
86,DATA ANALYSIS METHODS FOR ATMO,AA,0.0-0.0-4.0,,NAKUL KOTA,yakshit51@cas.iitd.ac.in,,,,25,18,ASP731
87,MAJOR PROJECT-I,P,0.0-0.0-18.0,,IRA HAYRE,himmat79@cbme.iitd.ac.in,,,,6,6,BMD801
88,INDUSTRIAL BIOMATERIAL TECHNOLOGY,F,3.0-0.0-0.0,,SAMARTH SOLANKI,diyabadal@cbme.iitd.ac.in,TThF 11:00-12:00,,,50,13,BML710
89,MEDICAL IMAGING,AD,3.0-0.0-0.0,,RHEA VARGHESE,kabir73@cbme.iitd.ac.in,TF 15:30-17:00,,,50,10,BML720
90,MEDICAL DEVICE DESIGN,H,2.0-0.0-4.0,,ZAIN BUTALA,bbahl@cbme.iitd.ac.in,M 11:00-12:00,,,30,8,BML741
91,FUNDAMENTALS OF BIOMECHANICS,K,3.0-0.0-0.0,,ZAIN BUTALA,bbahl@cbme.iitd.ac.in,"W 12:00-13:00 ,TF 17:00-18:00",,,50,11,BML770
92,RESEARCH TECHNIQUES IN BIOMEDICAL ENGINEERING,D,3.0-0.0-0.0,,PRERAK SRINIVASAN,anahitachanda@cbme.iitd.ac.in,TWF 09:00-10:00,,,50,11,BML800
93,TISSUE ENGINEERING,K,3.0-0.0-0.0,,AAYUSH BATRA,eva24@cbme.iitd.ac.in,"W 12:00-13:00 ,TF 17:00-18:00",,,50,0,BML810
94,BIOSENSOR TECHNOLOGY,J,3.0-0.0-2.0,,MADHAV KONDA,jaggikartik@cbme.iitd.ac.in,MTF 12:00-13:00,,,20,0,BML830
95,CANCER : DIAGNOSIS AND THERAPY,J,3.0-0.0-0.0,,IRA HAYRE,himmat79@cbme.iitd.ac.in,MTF 12:00-13:00,,,30,23,BML850
96,BASIC ELECTRONICS,A,1.0-0.0-0.0,,PRERAK SRINIVASAN,anahitachanda@cbme.iitd.ac.in,MTh 08:00-09:30,,,15,8,BMV701
97,BASIC MATHEMATICS FOR BIOLOGISTS,C,1.0-0.0-0.0,,DISHANI KUNDA,cherianseher@cbme.iitd.ac.in,TWF 08:00-09:00,,,15,0,BMV702
98,BASIC BIOLOGY & PHYSIOLOGY,AA,1.0-0.0-0.0,,IRA HAYRE,himmat79@cbme.iitd.ac.in,MTh 14:00-15:30,,,15,7,BMV703
99,MECHANICS OF BIOMATERIALS,AB,1.0-0.0-0.0,,ZAIN BUTALA,bbahl@cbme.iitd.ac.in,MTh 15:30-17:00,,,15,3,BMV705
100,SELF-ORGANIZING DYNAMICAL SYSTEMS,J,3.0-0.0-0.0,,YUVAAN GODA,arhaan59@ces.iitd.ac.in,MTF 12:00-13:00,,,60,57,ESL300
101,"ENERGY, ECOLOGY AND ENVIRONMENT",D,3.0-1.0-0.0,,MANJARI THAKER,reyansh21@ces.iitd.ac.in,TWF 09:00-10:00,MTThF 14:00-15:00,,60,58,ESL330
102,NON CONVENTIONAL SOURCES OF ENERGY,B,3.0-0.0-2.0,,SANA DEEP,ehsaanraval@ces.iitd.ac.in,MTh 09:30-11:00,,,60,0,ESL340
103,DIRECT ENERGY CONVERSION,F,3.0-1.0-0.0,,NAKUL DHALIWAL,piya67@ces.iitd.ac.in,TThF 11:00-12:00,MTThF 13:00-14:00,,60,14,ESL360
104,FUEL TECHNOLOGY,B,3.0-0.0-0.0,,LAGAN WALI,raghav54@ces.iitd.ac.in,MTh 09:30-11:00,,,60,45,ESL711
105,ELECTRICAL ENERGY MANAGEMENT,E,3.0-0.0-0.0,,JIVIN BHASIN,mangalzara@ces.iitd.ac.in,TWF 10:00-11:00,,,60,14,ESL715
106,ENERGY CONSERVATION,C,3.0-0.0-0.0,,SANA DEEP,ehsaanraval@ces.iitd.ac.in,TWF 08:00-09:00,,,60,32,ESL720
107,ENERGY AUDIT,F,3.0-0.0-0.0,,SANA DEEP,ehsaanraval@ces.iitd.ac.in,TThF 11:00-12:00,,,60,9,ESL724
108,ENERGY AND ENVIRONMENT,A,3.0-0.0-0.0,,KARTIK KAPADIA,gadeheer@ces.iitd.ac.in,MTh 08:00-09:30,,,60,23,ESL727
109,PLASMA BASED MATERIALS PROCESSING,J,3.0-0.0-0.0,,TEJAS THAKER,agarwalmiraan@ces.iitd.ac.in,MTF 12:00-13:00,,,60,6,ESL737
110,POWER SYSTEM PLANNING & OPERATION,AB,3.0-0.0-0.0,,JIVIN BHASIN,mangalzara@ces.iitd.ac.in,MTh 15:30-17:00,,,60,18,ESL738
111,"BIOENERGY: RESOURCES, TECHNOLOGIES AND APPLICATIONS",B,3.0-0.0-0.0,,ZEESHAN TATA,anika91@ces.iitd.ac.in,MTh 09:30-11:00,,,60,0,ESL739
112,NON-CONVENTIONAL SOURCES OF ENERGY,D,3.0-0.0-0.0,,ARNAV LAL,samarthchauhan@ces.iitd.ac.in,TWF 09:00-10:00,,,60,48,ESL740
113,ECO.& FIN.OF RENEWABLE ENERGY SYSTEMS,A,3.0-0.0-0.0,,JIVIKA TATA,gandhiryan@ces.iitd.ac.in,MTh 08:00-09:30,,,60,29,ESL742
114,ENVIRONNENTAL AUDIT & IMPACT ASSESSMENT,AD,3.0-0.0-0.0,,KARTIK KAPADIA,gadeheer@ces.iitd.ac.in,TF 15:30-17:00,,,60,3,ESL745
115,HYDROGEN ENERGY,M,3.0-0.0-0.0,,ZEESHAN TATA,anika91@ces.iitd.ac.in,MTh 17:00-18:30,,,60,18,ESL746
116,RENEWABLE ENERGY RESOURCE ASSESSMENT AND FORECASTING,AB,3.0-0.0-0.0,,MADHUP KAPADIA,zaina04@ces.iitd.ac.in,MTh 15:30-17:00,,,60,23,ESL751
117,SOLAR THERMAL TECHNOLOGIES AND APPLICATIONS,D,3.0-0.0-0.0,,MADHUP KAPADIA,zaina04@ces.iitd.ac.in,TWF 09:00-10:00,,,60,24,ESL753
118,SOLAR PHOTOVOLTAIC DEVICES AND SYSTEMS,E,3.0-0.0-0.0,,ONKAR KAUR,yuvraj-grewal@ces.iitd.ac.in,TWF 10:00-11:00,,,60,33,ESL755
119,HEAT TRANSFER,A,3.0-0.0-0.0,,VIHAAN CHANDA,bhandarizoya@ces.iitd.ac.in,MTh 08:00-09:30,,,60,29,ESL760
120,WIND & SMALL HYDRO ENERGY SYSTEMS,H,3.0-0.0-0.0,,YAKSHIT GOLE,ehsaan29@ces.iitd.ac.in,M 11:00-12:00,,,60,37,ESL768
121,INSTRUMENTATION & CONTROL IN ENERGY SYSTEMS,AD,3.0-0.0-0.0,,ARNAV LAL,samarthchauhan@ces.iitd.ac.in,TF 15:30-17:00,,,60,0,ESL771
122,ENERGY STORAGE,AA,3.0-0.0-0.0,,SANA DEEP,ehsaanraval@ces.iitd.ac.in,MTh 14:00-15:30,,,60,11,ESL772
123,SOLAR REFRIGERATION AND AIR CONDITIONING,AC,3.0-0.0-0.0,,LAGAN WALI,raghav54@ces.iitd.ac.in,TF 14:00-15:30,,,60,1,ESL850
124,FUSION ENERGY,F,3.0-0.0-0.0,,NAKUL DHALIWAL,piya67@ces.iitd.ac.in,TThF 11:00-12:00,,,60,12,ESL870
125,BASIC THERMAL ENGG.,L,1.0-0.0-0.0,,MADHUP KAPADIA,zaina04@ces.iitd.ac.in,"W 13:00-15:00 ,TF 18:00-19:00",,,60,25,ESN704
126,BASIC ELECTRICAL ENGG.,L,1.0-0.0-0.0,,YAKSHIT GOLE,ehsaan29@ces.iitd.ac.in,"W 13:00-15:00 ,TF 18:00-19:00",,,60,14,ESN712
127,APPLIED MATHEMATICS AND COMPUTATIONAL METHODS,K,1.0-0.0-0.0,,ARNAV LAL,samarthchauhan@ces.iitd.ac.in,"W 12:00-13:00 ,TF 17:00-18:00",,,30,21,ESN791
128,SEMINAR COURSE ON RENEWABLE ENERGY,X,0.0-0.0-2.0,,ONKAR KAUR,yuvraj-grewal@ces.iitd.ac.in,,,,25,25,ESQ301
129,SEMINAR COURSE ON ENERGY EFFICIENCY,X,0.0-0.0-2.0,,INDRAJIT CHAUDHARI,amira96@ces.iitd.ac.in,,,,25,25,ESQ302
130,SEMINAR COURSE ON ENERGY CONSERVATION AND MANAGEMENT,X,0.0-0.0-2.0,,GOKUL BIR,zoya26@ces.iitd.ac.in,,,,25,23,ESQ303
131,SEMINAR COURSE ON PLASMA SCIENCE AND TECHNOLOGY,X,0.0-0.0-2.0,,KARTIK KAPADIA,gadeheer@ces.iitd.ac.in,,,,25,24,ESQ304
132,SEMINAR COURSE ON BIOENERGY,X,0.0-0.0-2.0,,LAGAN WALI,raghav54@ces.iitd.ac.in,,,,25,16,ESQ306
133,SEMINAR COURSE ON NUCLEARENERGY AND FUTURISTIC USE,X,0.0-0.0-2.0,,YUVAAN GODA,arhaan59@ces.iitd.ac.in,,,,25,25,ESQ307
134,SEMINAR COURSE ON ALTERNATIVEFUELS FOR TRANSPORTAT,X,0.0-0.0-2.0,,VIHAAN CHANDA,bhandarizoya@ces.iitd.ac.in,,,,25,25,ESQ309
135,MAJOR PROJECT PART-I,P,0.0-0.0-12.0,,ARNAV LAL,samarthchauhan@ces.iitd.ac.in,,,,30,21,JSD801
136,MAJOR PROJECT PART-II,P,0.0-0.0-24.0,,ARNAV LAL,samarthchauhan@ces.iitd.ac.in,,,,10,0,JSD802
137,MINOR PROJECT,P,0.0-0.0-6.0,,ABRAM KOHLI,hazel70@rdat.iitd.ac.in,,,,20,0,RDD750
138,BIOMAS PRODUCTION,J,3.0-0.0-0.0,,VIVAAN WALI,sridharalisha@rdat.iitd.ac.in,MTF 12:00-13:00,,,60,47,RDL700
139,RURAL INDUSTRIALISATION POLICES PROGRAMMES & CASE,E,3.0-0.0-0.0,,TIYA CHOPRA,prerakgokhale@rdat.iitd.ac.in,TWF 10:00-11:00,,,50,46,RDL701
140,RURAL RESOURCES AND LIVEIHODS,M,3.0-0.0-0.0,,YUVAAN RAMASWAMY,pihu31@rdat.iitd.ac.in,MTh 17:00-18:30,,,50,46,RDL705
141,RURAL ENERGY SYSTEMS,F,3.0-0.0-0.0,,EVA RAVEL,fhari@rdat.iitd.ac.in,TThF 11:00-12:00,,,100,94,RDL722
142,ECOLOGICAL PERSPECTIVE OF GROWTH AND DEVLOPMENT,J,3.0-0.0-0.0,,ADVIKA SUBRAMANIAM,zbabu@rdat.iitd.ac.in,MTF 12:00-13:00,,,50,54,RDL725
143,TECHNOLOGY ALTERNATIVES  FOR RURAL DEVELOPMENT,X,3.0-0.0-0.0,,NAKUL DANI,basurenee@rdat.iitd.ac.in,,,,75,52,RDL730
144,TECHNOLOGY OF UTILIZATION OF WASTELANDS & WEEDS,AA,3.0-0.0-0.0,,HANSH GULATI,farhan70@rdat.iitd.ac.in,MTh 14:00-15:30,,,50,7,RDL740
145,FOOD QUALITY AND SAFETY,J,3.0-0.0-0.0,,RANBIR VARGHESE,gandhidiya@rdat.iitd.ac.in,MTF 12:00-13:00,,,50,52,RDL760
146,VALUE CHAIN IN AGRO-FOOD PROCESSING,K,2.0-0.0-2.0,,DAMINI DIXIT,elakshitripathi@rdat.iitd.ac.in,"W 12:00-13:00 ,TF 17:00-18:00",,,60,28,RDL761
147,RURAL VALUE CHAIN FOR HOLISTIC DEVELOPMENT,AA,2.0-0.0-2.0,,DHARMAJAN KAPADIA,suleahana@rdat.iitd.ac.in,MTh 14:00-15:30,,,50,25,RDL770
148,BIOMASS LABORATORY,P,0.0-0.0-6.0,,VIVAAN WALI,sridharalisha@rdat.iitd.ac.in,,,,20,8,RDP750
149,SEMINAR COURSE - I,X,0.0-0.0-2.0,,DAMINI DIXIT,elakshitripathi@rdat.iitd.ac.in,,,,30,29,RDQ301
150,SEMINAR COURSE - II,X,0.0-0.0-2.0,,YUVAAN RAMASWAMY,pihu31@rdat.iitd.ac.in,,,,30,29,RDQ302
151,SEMINAR COURSE - III,X,0.0-0.0-2.0,,ADVIKA SUBRAMANIAM,zbabu@rdat.iitd.ac.in,,,,30,33,RDQ303
152,SEMINAR COURSE-IV,X,0.0-0.0-2.0,,ALISHA VARTY,handasamaira@rdat.iitd.ac.in,,,,30,34,RDQ304
153,SEMINAR COURSE-V,X,0.0-0.0-2.0,,DHARMAJAN KAPADIA,suleahana@rdat.iitd.ac.in,,,,30,38,RDQ305
154,SEMINAR COURSE-VI,X,0.0-0.0-2.0,,ABRAM KOHLI,hazel70@rdat.iitd.ac.in,,,,30,30,RDQ306
155,COLLOQUIUM (CH),P,0.0-3.0-0.0,,ELA SARRAF,sampathadah@chemical.iitd.ac.in,,,,20,1,CHC410
156,MINOR PROJECT,P,0.0-0.0-8.0,,AHANA  GOYAL,aaryahikari@chemical.iitd.ac.in,,,,60,1,CHD771
157,MAJOR PROJECT PART 1 (CM),P,0.0-0.0-12.0,,AHANA  GOYAL,aaryahikari@chemical.iitd.ac.in,,,,60,1,CHD871
158,MAJOR PROJECT PART II (CM),P,0.0-0.0-28.0,,AHANA  GOYAL,aaryahikari@chemical.iitd.ac.in,,,,60,2,CHD872
159,MAJOR PROJECT PART 1 (CM),P,0.0-0.0-8.0,,AHANA  GOYAL,aaryahikari@chemical.iitd.ac.in,,,,60,0,CHD873
160,MAJOR PROJECT PART 2 (CM),P,0.0-0.0-32.0,,AHANA  GOYAL,aaryahikari@chemical.iitd.ac.in,,,,60,0,CHD874
161,DESIGN & LABORATORY PRACTICS,P,0.0-0.0-4.0,,ADIRA HALDER,xmadan@chemical.iitd.ernet.in,,,,20,1,CHP311
162,B. TECH. PROJECT,P,0.0-0.0-8.0,,ADIRA HALDER,xmadan@chemical.iitd.ernet.in,,,,120,72,CLD411
163,MAJOR PROJECT IN ENERGY & ENV.,P,0.0-0.0-10.0,,RYAN MANI,seshadribiju@chemical.iitd.ac.in,,,,120,0,CLD412
164,MAJOR PROJECT IN COMPLEX FLUID,P,0.0-0.0-10.0,,RYAN MANI,seshadribiju@chemical.iitd.ac.in,,,,120,0,CLD413
165,"MAJOR PROJ. IN P.E, MOD. & OP.",P,0.0-0.0-10.0,,RYAN MANI,seshadribiju@chemical.iitd.ac.in,,,,120,0,CLD414
166,MAJOR PROJ IN BIOP. & FINE CH.,P,0.0-0.0-10.0,,RYAN MANI,seshadribiju@chemical.iitd.ac.in,,,,120,0,CLD415
167,MINOR PROJECT,P,0.0-0.0-6.0,,AHANA  GOYAL,aaryahikari@chemical.iitd.ac.in,,,,60,0,CLD771
168,MAJOR PROJECT - I,P,0.0-0.0-16.0,,AHANA  GOYAL,aaryahikari@chemical.iitd.ac.in,,,,60,28,CLD781
169,MAJOR PROJECT - II,P,0.0-0.0-24.0,,AHANA  GOYAL,aaryahikari@chemical.iitd.ac.in,,,,60,0,CLD782
170,MINOR PROJECT,P,0.0-0.0-8.0,,AHANA  GOYAL,aaryahikari@chemical.iitd.ac.in,,,,60,2,CLD880
171,MAJOR PROJECT PARTI,P,0.0-0.0-16.0,,AHANA  GOYAL,aaryahikari@chemical.iitd.ac.in,,,,60,39,CLD881
172,MAJOR PROJECT PARTII,P,0.0-0.0-24.0,,AHANA  GOYAL,aaryahikari@chemical.iitd.ac.in,,,,60,1,CLD882
173,M.S.R. MAJOR PROJECT,P,0.0-0.0-72.0,,AHANA  GOYAL,aaryahikari@chemical.iitd.ac.in,,,,60,1,CLD895
174,TRANSPORT PHENOMENA,B,3.0-1.0-0.0,,MAHIKA DASGUPTA,gsule@chemical.iitd.ac.in,MTh 09:30-11:00,,,185,169,CLL110
175,MATERIAL AND ENERGY BALANCE,F,2.0-2.0-0.0,,ADIRA HALDER,xmadan@chemical.iitd.ernet.in,TThF 11:00-12:00,MTThF 13:00-14:00,,150,109,CLL111
176,NUMERICAL METHODS IN CHEMICAL,E,3.0-0.0-2.0,,CHARVI DARA,sabharwalvardaniya@chemical.iitd.ac.in,TWF 10:00-11:00,,,150,120,CLL113
177,INTRODUCTION TO MATERIALS,A,3.0-0.0-0.0,,SHAAN RAJAN,isinha@chemical.iitd.ernet.in,MTh 08:00-09:30,,,150,141,CLL141
178,CHEMICAL REACTION ENGG - II,B,3.0-0.0-0.0,,ANIRUDDH WALIA,karpevedika@chemical.iitd.ac.in,MTh 09:30-11:00,,,150,134,CLL222
179,MASS TRANSFER I,F,3.0-0.0-0.0,,ALIA MAJUMDAR,kanavkapoor@chemical.iitd.ac.in,TThF 11:00-12:00,,,155,180,CLL252
180,PROCESS DYNAMICS AND CONTROL,E,3.0-1.0-0.0,,LAKSHAY DAYAL,aryakiara@chemical.iitd.ac.in,TWF 10:00-11:00,MTThF 13:00-14:00,,175,186,CLL261
181,FLUID PARTICLE MECHANICS,D,3.0-1.0-0.0,,MEHUL KALLA,gollabiju@chemical.iitd.ac.in,TWF 09:00-10:00,MTThF 14:00-15:00,,150,128,CLL331
182,MODELLING OF TRANSPORT PROCESS,C,2.0-0.0-0.0,,GATIK KOTA,nayantara69@chemical.iitd.ac.in,TWF 08:00-09:00,,,100,72,CLL701
183,"PRINCIPLES OF THERMODYNAMICS,",A,2.0-0.0-0.0,,SAHIL THAKUR,nvasa@chemical.iitd.ac.in,MTh 08:00-09:30,,,100,64,CLL702
184,PROCESS ENGINEERING,H,3.0-0.0-0.0,,AHANA  GOYAL,aaryahikari@chemical.iitd.ac.in,M 11:00-12:00,W 11:00-12:00,,100,79,CLL703
185,HYDROGEN EN. & FUEL CELL TECH.,B,3.0-0.0-0.0,,ANYA RANA,jhanvi57@chemical.iitd.ac.in,MTh 09:30-11:00,,,48,50,CLL723
186,AIR POLLUTION CONTROL ENGG.,D,3.0-0.0-0.0,,DAMINI DATTA,azadbarad@chemical.iitd.ac.in,TWF 09:00-10:00,,,51,55,CLL725
187,MOLECULAR MODELING OF CAT. RE.,AA,3.0-0.0-0.0,,ELA SARRAF,sampathadah@chemical.iitd.ac.in,MTh 14:00-15:30,,,50,30,CLL726
188,PROCESS INTEN.  & NOVEL REACT.,D,3.0-0.0-0.0,,SARA RAMAKRISHNAN,riaan23@chemical.iitd.ac.in,TWF 09:00-10:00,,,50,29,CLL734
189,EXP. CHA. OF MULTIPH. REACTORS,B,3.0-0.0-0.0,,SAHIL THAKUR,nvasa@chemical.iitd.ac.in,MTh 09:30-11:00,,,50,9,CLL736
190,APP. OF COMP. FLUID DYNAMICS,F,2.0-0.0-2.0,,JIVIN DUGAL,sahabaiju@chemical.iitd.ac.in,TThF 11:00-12:00,,,50,38,CLL769
191,THERMODYNAMICS OF COMP. FLUIDS,E,3.0-0.0-0.0,,ADVIK BERA,jdua@chemical.iitd.ac.in,TWF 10:00-11:00,,,50,17,CLL773
192,COMPLEX FLUIDS TECHNOLOGY,F,3.0-0.0-0.0,,MIRAAN BALA,sastrynishith@chemical.iitd.ac.in,TThF 11:00-12:00,,,80,86,CLL777
193,BIOPROCESSING & BIOSEPARATIONS,B,3.0-0.0-0.0,,VEER ARORA,romilcheema@chemical.iitd.ac.in,MTh 09:30-11:00,,,50,27,CLL780
194,ADVANCED PROCESS CONTROL,E,3.0-0.0-0.0,,IVANA ANDRA,madhav67@chemical.iitd.ac.in,TWF 10:00-11:00,,,50,53,CLL783
195,PETROLEUM REFINERY ENGINEERING,F,3.0-0.0-0.0,,INAAYA  RAY,dalalivana@chemical.iitd.ac.in,TThF 11:00-12:00,,,40,48,CLL794
196,INTRODUCTION TO CHEMICAL ENGG.,P,0.0-0.0-2.0,,AHANA  GOYAL,aaryahikari@chemical.iitd.ac.in,,,,150,109,CLN101
197,CHEMICAL ENGINEERING LAB I,F,0.0-0.0-3.0,,GATIK KOTA,nayantara69@chemical.iitd.ac.in,,,,170,175,CLP301
198,CHEMICAL ENGINEERING LAB - III,F,0.0-0.0-3.0,,DAMINI DATTA,azadbarad@chemical.iitd.ac.in,,,,150,110,CLP303
199,SEMINAR COURSE - I,P,0.0-0.0-2.0,,ELA SARRAF,sampathadah@chemical.iitd.ac.in,,,,35,35,CLQ301
200,CURRENT TOPICS IN CHEMICAL EN.,X,1.0-0.0-0.0,,ANIRUDDH WALIA,karpevedika@chemical.iitd.ac.in,,,,30,4,CLV796
201,PROJECT PART I,P,0.0-0.0-12.0,,YUVRAJ  BALAN,talwaralia@chemistry.iitd.ac.in,,,,100,54,CMD631
202,MINOR PROJECT,P,0.0-0.0-6.0,,ELAKSHI VIG,vasamahika@chemistry.iitd.ac.in,,,,100,2,CMD799
203,MAJOR  PROJECT PART - I,P,0.0-0.0-18.0,,ELAKSHI VIG,vasamahika@chemistry.iitd.ac.in,,,,100,8,CMD806
204,INTRODUCTION TO CHEMISTRY,C,3.0-0.0-0.0,,DIVIJ DASS,mannat81@chemistry.iitd.ac.in,TWF 08:00-09:00,,,600,578,CML100
205,CHEMICAL SYNT. OF FUNC. METER.,H,3.0-0.0-0.0,,NITARA CHEEMA,ivan96@chemistry.iitd.ac.in,M 11:00-12:00,,,150,114,CML102
206,CHEMISTRY OF INTERFACES,H,3.0-0.0-0.0,,SAMIHA LUTHRA,ehsaankarpe@chemistry.iitd.ac.in,M 11:00-12:00,,,150,111,CML103
207,QUANTUM CHEMISTRY,E,3.0-0.0-0.0,,HANSH BUTALA,sethreyansh@chemistry.iitd.ac.in,TWF 10:00-11:00,,,50,52,CML511
208,STEREOCHEM. & ORG. REAC. MECH.,C,3.0-0.0-0.0,,RAGHAV BAINS,nakulsridhar@chemistry.iitd.ac.in,TWF 08:00-09:00,,,70,52,CML512
209,PHOTOCHEM. & PERICYCLIC REACT.,D,3.0-0.0-0.0,,DHRUV BATH,kiararavi@chemistry.iitd.ernet.in,TWF 09:00-10:00,,,70,52,CML513
210,MAIN GROUP CHEMISTRY,A,3.0-0.0-0.0,,GATIK AGARWAL,jshah@chemistry.iitd.ac.in,MTh 08:00-09:30,,,70,52,CML514
211,INSTRUMENTAL METHODS OF ANALYS,F,3.0-0.0-0.0,,TARA EDWIN,kavyakohli@chemistry.iitd.ac.in,TThF 11:00-12:00,,,70,52,CML515
212,MOLECULAR BIOCHEMISTRY,F,3.0-0.0-0.0,,HRIDAAN KALITA,neysabakshi@chemistry.iitd.ac.in,TThF 11:00-12:00,,,70,54,CML631
213,STA. MECH. & MOL. SIM. METHODS,C,3.0-0.0-0.0,,DIVYANSH VYAS,yakshithayre@chemistry.iitd.ac.in,TWF 08:00-09:00,,,100,6,CML662
214,SELECTED TOPICS IN SPECTROSCOPY,D,3.0-0.0-0.0,,AAINA KAPOOR,jivinghose@chemistry.iitd.ac.in,TWF 09:00-10:00,,,70,5,CML663
215,GROUP THEORY & SPECTROSCOPY,J,3.0-0.0-0.0,,YUVRAJ  BALAN,talwaralia@chemistry.iitd.ac.in,MTF 12:00-13:00,,,70,13,CML664
216,PH. METHODS OF STRUCTURALDET. OF ORGANIC COMPOUNDS,E,3.0-0.0-0.0,,RIAAN DARA,mandsara@chemistry.iitd.ac.in,TWF 10:00-11:00,,,100,48,CML674
217,PHYSICAL METHODS IN INORGANIC CHEMISTRY,A,3.0-0.0-0.0,,MOHANLAL WALI,xreddy@chemistry.iitd.ac.in,MTh 08:00-09:30,,,100,22,CML681
218,BIO-INORGANIC CHEMISTRY,B,3.0-0.0-0.0,,ANIKA DEOL,mannat00@chemistry.iitd.ac.in,MTh 09:30-11:00,,,100,24,CML684
219,FOOD CHEMISTRY AND BIOCHEMISTRY,H,3.0-0.0-0.0,,SIYA DAVE,abramchad@chemistry.iitd.ac.in,M 11:00-12:00,,,100,18,CML692
220,DESIGN AND SYNTHESIS,E,3.0-0.0-0.0,,MANIKYA DUBE,kandabhamini@chemistry.iitd.ac.in,TWF 10:00-11:00,,,70,25,CML721
221,CHEMINFORMATICS,F,3.0-0.0-0.0,,TUSHAR SHAH,xkhalsa@chemistry.iitd.ac.in,TThF 11:00-12:00,,,70,14,CML726
222,SEPARATION AND ELECTROANALYTIC,D,3.0-0.0-0.0,,KARTIK SONI,vasadishani@chemistry.iitd.ac.in,TWF 09:00-10:00,,,50,34,CML731
223,CHEMISTRY OF NANOSTRUCTURED  M,B,3.0-0.0-0.0,,NAVYA LAD,pihukulkarni@chemistry.iitd.ac.in,MTh 09:30-11:00,,,100,21,CML734
224,ORGANO AND ORGANOMETALLIC CATA,A,3.0-0.0-0.0,,DARSHIT DHAWAN,sharafyakshit@chemistry.iitd.ac.in,MTh 08:00-09:30,,,100,31,CML741
225,REAGENTS IN SYNTHETIC TRANSFOR,H,3.0-0.0-0.0,,YASHVI BARIA,parinaaz25@chemistry.iitd.ac.in,M 11:00-12:00,,,100,49,CML742
226,CHEMISTRY LABORATORY,C,0.0-0.0-4.0,,MOHANLAL WALI,xreddy@chemistry.iitd.ac.in,,,,600,563,CMP100
227,LAB I,P,0.0-0.0-4.0,,AAINA KAPOOR,jivinghose@chemistry.iitd.ac.in,,,,70,52,CMP511
228,LAB II,P,0.0-0.0-4.0,,RIYA KOTA,aarnavala@chemistry.iitd.ac.in,,,,70,52,CMP512
229,LAB ON SYNTHESIS,P,0.0-0.0-6.0,,MANIKYA DUBE,kandabhamini@chemistry.iitd.ac.in,,,,50,8,CMP722
230,GLASS BLOWING,P,0.0-0.0-2.0,,RANIA BAINS,rania25@chemistry.iitd.ernet.in,,,,50,8,CYP803
231,COLLOQUIUM (CE),P,0.0-3.0-0.0,,TARA GOLLA,keyagoda@civil.iitd.ac.in,,,,1,0,CEC410
232,SEMINAR IN CONSTRUCTION TECH,R,0.0-0.0-2.0,,TARINI GOEL,tripathisahil@civil.iitd.ac.in,,,,50,28,CVC771
233,BTECH PROJECT PART 1,P,0.0-0.0-8.0,,ISHITA MANGAL,qamble@civil.iitd.ac.in,,,,120,91,CVD411
234,BTECH PROJECT PART 2,P,0.0-0.0-12.0,,ISHITA MANGAL,qamble@civil.iitd.ac.in,,,,1,0,CVD412
235,MINOR PROJECT,P,0.0-0.0-6.0,,CHARVI THAKKAR,kalaaaryahi@civil.iitd.ac.in,,,,5,0,CVD700
236,MINOR PROJECT,P,0.0-0.0-6.0,,AAINA BASAK,xwalla@civil.iitd.ac.in,,,,5,0,CVD710
237,MAJOR THESIS PART-I,M,0.0-0.0-12.0,,ARADHYA VIRK,badal99@civil.iitd.ac.in,,,,24,16,CVD720
238,MAJOR THESIS PART-II,M,0.0-0.0-24.0,,ARADHYA VIRK,badal99@civil.iitd.ac.in,,,,25,0,CVD721
239,MINOR PROJECT,M,0.0-0.0-6.0,,ARADHYA VIRK,badal99@civil.iitd.ac.in,,,,24,14,CVD726
240,MAJOR PROJECT PART-I (CES),P,0.0-0.0-18.0,,RHEA SIBAL,lmadan@civil.iitd.ac.in,,,,50,24,CVD757
241,MAJOR PROJECT PART-II (CES),P,0.0-0.0-18.0,,YASMIN KURUVILLA,akarshbera@civil.iitd.ernet.in,,,,50,0,CVD758
242,MAJOR PROJECT PART-I (CEC),P,0.0-0.0-18.0,,TARINI GOEL,tripathisahil@civil.iitd.ac.in,,,,50,27,CVD772
243,MINOR PROJECT (CET),P,0.0-0.0-6.0,,KABIR CHAUDRY,shanayaganesh@civil.iitd.ac.in,,,,20,0,CVD776
244,MAJOR PROJECT PART-I (CET),P,0.0-0.0-18.0,,KABIR CHAUDRY,shanayaganesh@civil.iitd.ac.in,,,,50,9,CVD777
245,MAJOR PROJECT PART-I,P,0.0-0.0-12.0,,CHARVI THAKKAR,kalaaaryahi@civil.iitd.ac.in,,,,25,9,CVD800
246,MAJOR PROJECT PART-I,P,0.0-0.0-12.0,,AAINA BASAK,xwalla@civil.iitd.ac.in,,,,25,5,CVD810
247,MAJOR PROJECT PART-II (CEU),P,0.0-0.0-24.0,,ANIRUDDH DASGUPTA,kundasamar@civil.iitd.ac.in,,,,30,0,CVD811
248,MAJOR PROJECT PART-I,P,0.0-0.0-12.0,,ADVIK RASTOGI,badal26@civil.iitd.ac.in,,,,25,8,CVD831
249,MAJOR PROJECT PART-II,P,0.0-0.0-24.0,,ADVIK RASTOGI,badal26@civil.iitd.ac.in,,,,25,0,CVD832
250,MAJOR PROJECT PART-I,P,0.0-0.0-18.0,,RIAAN MASTER,darshitvarkey@civil.iitd.ac.in,,,,25,10,CVD853
251,MAJOR PROJECT PART-II,P,0.0-0.0-24.0,,RIAAN MASTER,darshitvarkey@civil.iitd.ac.in,,,,25,0,CVD854
252,MSR MAJOR PROJECT,P,0.0-0.0-72.0,,AMANI SHAH,kismat54@civil.iitd.ac.in,,,,60,0,CVD895
253,ENVIRONMENTAL SCIENCE,C,2.0-0.0-0.0,,MANIKYA SINGH,yashvijohal@civil.iitd.ac.in,TWF 08:00-09:00,,,500,529,CVL100
254,ELEMENTS OF SURVEYING,C,3.0-0.0-2.0,,EVA SHETTY,tandonshamik@civil.iitd.ac.in,TWF 08:00-09:00,,,120,93,CVL111
255,ENGINEERING GEOLOGY,B,3.0-0.0-0.0,,CHIRAG WABLE,catwal@civil.iitd.ac.in,MTh 09:30-11:00,,,120,95,CVL121
256,CIVIL ENGINEERING MATERIALS,H,3.0-0.0-0.0,,AARUSH BUCH,chandranseher@civil.iitd.ac.in,M 11:00-12:00,,,120,93,CVL141
257,RC DESIGN,D,3.0-0.0-0.0,,MANIKYA MADAN,reyanshbatta@civil.iitd.ac.in,TWF 09:00-10:00,,,120,100,CVL243
258,CONSTRUCTION MANAGEMENT,H,2.0-0.0-0.0,,MISHTI GODA,sara09@civil.iitd.ac.in,M 11:00-12:00,,,120,99,CVL245
259,ENGINEERING HYDROLOGY,E,3.0-0.0-2.0,,TRISHA SINGHAL,heerchhabra@civil.iitd.ac.in,TWF 10:00-11:00,,,120,99,CVL282
260,FUNDA. OF GEO. INFO. SYSTEMS,D,2.0-0.0-2.0,,SAMIHA KANDA,mahaldamini@civil.iitd.ac.in,TWF 09:00-10:00,,,30,7,CVL284
261,GEOTECHNICAL ENGINEERING,F,3.0-1.0-0.0,,ROMIL SACHAR,wgola@civil.iitd.ernet.in,TThF 11:00-12:00,MTThF 13:00-14:00,,120,105,CVL321
262,STRUCTURAL ANALYSIS II,B,3.0-0.0-0.0,,SANA DORA,srinivasanchirag@civil.iitd.ac.in,MTh 09:30-11:00,,,120,100,CVL341
263,CONSTRUCTION PROJECT  MGMT.,C,3.0-0.0-0.0,,RHEA SIBAL,lmadan@civil.iitd.ac.in,TWF 08:00-09:00,,,40,47,CVL344
264,GROUND ENGINEERING,E,3.0-0.0-0.0,,CHARVI THAKKAR,kalaaaryahi@civil.iitd.ac.in,TWF 10:00-11:00,,,50,18,CVL421
265,SOIL DYNAMICS,J,3.0-0.0-0.0,,VRITIKA JANI,arnav08@civil.iitd.ac.in,MTF 12:00-13:00,,,50,36,CVL423
266,STRUCTURAL DESIGN,H,3.0-0.0-0.0,,ELA LALLA,nakul80@civil.iitd.ac.in,M 11:00-12:00,,,50,50,CVL441
267,STRUCTURAL ANALYSIS III,J,3.0-0.0-0.0,,INDRANIL GOUR,zkhurana@civil.iitd.ac.in,MTF 12:00-13:00,,,50,1,CVL442
268,COMP. ASPECTS IN WATER RESOUR.,P,1.0-0.0-4.0,,AARUSH LANKA,pihu58@civil.iitd.ac.in,,,,30,30,CVL484
269,RIVER MECHANICS,F,2.0-0.0-2.0,,EVA CHOPRA,zara76@civil.iitd.ac.in,TThF 11:00-12:00,,,25,25,CVL485
270,ENGINEERING BEHAVIOUR OF SOILS,B,3.0-0.0-0.0,,DHARMAJAN LOYAL,fbir@civil.iitd.ac.in,MTh 09:30-11:00,,,30,23,CVL700
271,SITE INVESTIGATION AND FOUNDAT,H,3.0-0.0-0.0,,ARADHYA TANK,zainabhakta@civil.iitd.ac.in,M 11:00-12:00,,,30,21,CVL701
272,FINITE ELEMENT METHOD IN GEOTE,E,3.0-0.0-0.0,,ANIRUDDH DASGUPTA,kundasamar@civil.iitd.ac.in,TWF 10:00-11:00,,,60,26,CVL704
273,ENGINEERING PROPERTIES OF ROCK,D,3.0-0.0-0.0,,AAINA BASAK,xwalla@civil.iitd.ac.in,TWF 09:00-10:00,,,30,16,CVL710
274,STRUCTURAL GEOLOGY,A,3.0-0.0-0.0,,CHIRAG WABLE,catwal@civil.iitd.ac.in,MTh 08:00-09:30,,,30,14,CVL711
275,AIR POLLUTION AND CONTROL,A,3.0-0.0-0.0,,TARA GOLLA,keyagoda@civil.iitd.ac.in,MTh 08:00-09:30,,,30,38,CVL720
276,WATER ENGINEERING,M,3.0-0.0-0.0,,MANIKYA SINGH,yashvijohal@civil.iitd.ac.in,MTh 17:00-18:30,,,30,19,CVL722
277,ENVIRONMENTAL CHEMISTRY AND MI,AC,1.0-0.0-4.0,,TARA GOLLA,keyagoda@civil.iitd.ac.in,TF 14:00-15:30,,,20,16,CVL725
278,HYDROLOGIC PROCESSES AND MODEL,A,3.0-0.0-0.0,,AMANI SHAH,kismat54@civil.iitd.ac.in,MTh 08:00-09:30,,,30,12,CVL730
279,OPTIMIZATION TECH. IN WATER RE,B,3.0-0.0-0.0,,DRISHYA SASTRY,kimaya94@civil.iitd.ac.in,MTh 09:30-11:00,,,30,21,CVL731
280,GROUNDWATER HYDROLOGY,E,3.0-0.0-0.0,,SAHIL SETTY,krishdivij@civil.iitd.ac.in,TWF 10:00-11:00,,,30,9,CVL732
281,STOCHASTIC HYDROLOGY,D,2.0-0.0-2.0,,AMANI SHAH,kismat54@civil.iitd.ac.in,TWF 09:00-10:00,,,30,10,CVL733
282,ECONOMIC ASPECTS OF WA. RE. DE,J,3.0-0.0-0.0,,ADVIK RASTOGI,badal26@civil.iitd.ac.in,MTF 12:00-13:00,,,30,7,CVL738
283,PAVEMENT MATERIALS AND DESIGN,M,3.0-0.0-2.0,,ISHITA MANGAL,qamble@civil.iitd.ac.in,MTh 17:00-18:30,,,40,12,CVL740
284,URBAN AND REGIONAL TRANSPORTAT,A,3.0-0.0-2.0,,CHARVI SHUKLA,beraranbir@civil.iitd.ernet.in,MTh 08:00-09:30,,,40,14,CVL741
285,TRAFFIC ENGINEERING,B,3.0-0.0-2.0,,DHARMAJAN BAWA,urvikunda@civil.iitd.ac.in,MTh 09:30-11:00,,,40,13,CVL742
286,TRANSPORTATION SAFETY AND ENVIRONMENT,K,3.0-0.0-0.0,,RIAAN MASTER,darshitvarkey@civil.iitd.ac.in,"W 12:00-13:00 ,TF 17:00-18:00",,,40,6,CVL747
287,Data Analysis for Transportation Engineering,F,3.0-0.0-0.0,,AKARSH BERA,kimaya26@civil.iitd.ac.in,TThF 11:00-12:00,,,20,8,CVL748
288,INTELLIGENT TRANSPORTATION SYSTEMS,AB,3.0-0.0-0.0,,RIAAN MASTER,darshitvarkey@civil.iitd.ac.in,MTh 15:30-17:00,,,40,7,CVL750
289,ADVANCED STRUCTURAL ANALYSIS,D,3.0-0.0-0.0,,INDRANS GOYAL,elakshi79@civil.iitd.ac.in,TWF 09:00-10:00,,,30,39,CVL756
290,FINITE ELEMENT METHODS IN STR,B,3.0-0.0-0.0,,PIHU BASAK,kalitaemir@civil.iitd.ac.in,MTh 09:30-11:00,,,50,37,CVL757
291,SOLID MECHANICS IN STRUCTURAL,A,3.0-0.0-0.0,,MANIKYA MADAN,reyanshbatta@civil.iitd.ac.in,MTh 08:00-09:30,,,30,42,CVL758
292,STRUCTURAL DYNAMICS,F,3.0-0.0-0.0,,BIJU KAUL,rupadhyay@civil.iitd.ac.in,TThF 11:00-12:00,,,50,35,CVL759
293,BLAST RESISTANT DESIGN OF ST.,X,3.0-0.0-0.0,,INDRANIL GOUR,zkhurana@civil.iitd.ac.in,,,,50,8,CVL764
294,CONCRETE MECHANICS,J,3.0-0.0-0.0,,AARUSH BUCH,chandranseher@civil.iitd.ac.in,MTF 12:00-13:00,,,50,17,CVL765
295,DESIGN OF BRIDGE STRUCTURES,C,3.0-0.0-0.0,,YASMIN KURUVILLA,akarshbera@civil.iitd.ernet.in,TWF 08:00-09:00,,,50,20,CVL766
296,ADVANCED CONCRETE TECHNOLOGY,H,3.0-0.0-0.0,,YASMIN KURUVILLA,akarshbera@civil.iitd.ernet.in,M 11:00-12:00,,,100,60,CVL771
297,CONSTRUCTION PROJECT MANAGEMEN,D,3.0-0.0-0.0,,KABIR CHAUDRY,shanayaganesh@civil.iitd.ac.in,TWF 09:00-10:00,,,70,59,CVL772
298,QUANTITATIVE METHODS IN CONSTR,A,3.0-0.0-0.0,,TARINI KARA,anay10@civil.iitd.ac.in,MTh 08:00-09:30,,,70,60,CVL773
299,BUILDING SCIENCE,B,3.0-0.0-0.0,,DAMINI KARI,valaheer@civil.iitd.ac.in,MTh 09:30-11:00,,,50,5,CVL777
300,FORMWORK FOR CONCRETE STRUCTU,C,3.0-0.0-0.0,,TARINI GOEL,tripathisahil@civil.iitd.ac.in,TWF 08:00-09:00,,,50,49,CVL779
301,EMERGING TOPICS IN GEOTECHNICAL ENGINEERING,M,3.0-0.0-0.0,,AAINA BASAK,xwalla@civil.iitd.ac.in,MTh 17:00-18:30,,,30,0,CVL800
302,CONSTITUTIVE MODELLING INGEOTECHNICS,D,3.0-0.0-0.0,,ROMIL SACHAR,wgola@civil.iitd.ernet.in,TWF 09:00-10:00,,,30,23,CVL801
303,EMERGING TOPICS IN ROCK ENGINEERING AND UNDERGROUND STRUCTURES,M,3.0-0.0-3.0,,AAINA BASAK,xwalla@civil.iitd.ac.in,MTh 17:00-18:30,,,30,10,CVL810
304,ENVIRONMENTAL IMPACT ASSESSMENT,B,3.0-0.0-0.0,,PURAB VISWANATHAN,jbhagat@civil.iitd.ernet.in,MTh 09:30-11:00,,,55,53,CVL820
305,THERMAL TECHNIQUES FOR WASTE MANAGEMENT,E,3.0-0.0-0.0,,AMANI SANKAR,ykeer@civil.iitd.ac.in,TWF 10:00-11:00,,,40,5,CVL823
306,SURFACE WATER QUALITY MODELING,F,3.0-0.0-0.0,,PRANAY RATTI,urvilata@civil.iitd.ac.in,TThF 11:00-12:00,,,30,13,CVL831
307,HYDROLOGIC APP. OF REMOTE SEN.,H,2.0-0.0-2.0,,DRISHYA SASTRY,kimaya94@civil.iitd.ac.in,M 11:00-12:00,,,30,14,CVL839
308,GEOMETRIC DESIGN OF ROADS,AA,2.0-0.0-2.0,,AKARSH BERA,kimaya26@civil.iitd.ac.in,MTh 14:00-15:30,,,40,9,CVL842
309,Atomistic and multiscale modeling of materials,M,3.0-0.0-0.0,,PIHU BASAK,kalitaemir@civil.iitd.ac.in,MTh 17:00-18:30,,,60,7,CVL867
310,INTRODUCTION TO CIVIL ENGG.,P,0.0-0.0-2.0,,PIHU BASAK,kalitaemir@civil.iitd.ac.in,,,,120,93,CVN101
311,ENGINEERING GEOLOGY LABORATORY,P,0.0-0.0-2.0,,AAINA BASAK,xwalla@civil.iitd.ac.in,,,,120,90,CVP121
312,STRUCT. & MAT. (CONCRETE) LAB,P,0.0-0.0-3.0,,YASMIN KURUVILLA,akarshbera@civil.iitd.ernet.in,,,,120,96,CVP243
313,GEOTECHNICAL ENGINEERING LAB,P,0.0-0.0-2.0,,VRITIKA JANI,arnav08@civil.iitd.ac.in,,,,120,98,CVP321
314,STRUCTURAL DESIGN & DETAILING,P,0.0-0.0-3.0,,INDRANS GOYAL,elakshi79@civil.iitd.ac.in,,,,120,94,CVP441
315,SOIL ENGINEERING LAB,P,0.0-0.0-6.0,,VRITIKA JANI,arnav08@civil.iitd.ac.in,,,,30,23,CVP700
316,ROCK MECHANICS LABORATORY 1,P,0.0-0.0-6.0,,CHIRAG WABLE,catwal@civil.iitd.ac.in,,,,30,15,CVP710
317,COMPUTATIONAL LABORATORY,P,0.0-0.0-3.0,,KABIR CHAUDRY,shanayaganesh@civil.iitd.ac.in,,,,70,57,CVP772
318,CIVIL ENGINEERING SEMINAR,P,0.0-0.0-2.0,,AMANI SANKAR,ykeer@civil.iitd.ac.in,,,,30,12,CVQ301
319,INDEPENDENT STUDY (CET),X,0.0-0.0-6.0,,TARINI GOEL,tripathisahil@civil.iitd.ac.in,,,,20,0,CVS776
320,MINI PROJECT,P,0.0-0.0-6.0,,SAMARTH KHURANA,kimayakibe@cse.iitd.ac.in,,,,120,25,COD310
321,B.TECH PROJECT PART 1,P,0.0-0.0-12.0,,SAIRA TATA,zarasoman@cse.iitd.ac.in,,,,120,82,COD492
322,B.TECH PROJECT PART 2,P,0.0-0.0-16.0,,FARHAN BANDI,aptevihaan@cse.iitd.ac.in,,,,120,0,COD494
323,MINOR PROJECT,P,0.0-0.0-6.0,,SAMARTH KHURANA,kimayakibe@cse.iitd.ac.in,,,,40,11,COD891
324,M.TECH PROJECT PARTI,P,0.0-0.0-14.0,,PURAB SARRAF,nishithsidhu@cse.iitd.ac.in,,,,80,60,COD892
325,M.TECH PROJECT PARTII,P,0.0-0.0-28.0,,PURAB SARRAF,nishithsidhu@cse.iitd.ac.in,,,,80,0,COD893
326,MSR PROJECT,P,0.0-0.0-72.0,,SAMARTH KHURANA,kimayakibe@cse.iitd.ac.in,,,,40,4,COD895
327,INTRO. TO COMPUTER SCIENCE,B,3.0-0.0-2.0,,INDRANS KANT,tellajayant@cse.iitd.ac.in,MTh 09:30-11:00,,,550,622,COL100
328,DATA STRUCTURES AND ALGORITHMS,F,3.0-0.0-4.0,,ARMAAN GULATI,priyanshmaster@cse.iitd.ac.in,TThF 11:00-12:00,,,180,373,COL106
329,DISCRETE MATHEMATICAL STRUCTUR,B,3.0-1.0-0.0,,VEDIKA JANI,hayreanya@cse.iitd.ac.in,MTh 09:30-11:00,,,125,121,COL202
330,DIGITAL LOGIC & SYSTEM DESIGN,E,3.0-0.0-4.0,,GOKUL WABLE,tdhaliwal@cse.iitd.ac.in,TWF 10:00-11:00,,,120,123,COL215
331,PRINCIPLES OF ARTIFICIAL INT.,F,3.0-0.0-2.0,,ROHAN ZACHARIA,jivin80@cse.iitd.ac.in,TThF 11:00-12:00,,,120,146,COL333
332,COMPUTER NETWORKS,D,3.0-0.0-2.0,,JHANVI SANT,bhamini44@cse.iitd.ac.in,TWF 09:00-10:00,,,125,124,COL334
333,MACHINE LEARNING,J,3.0-0.0-2.0,,ONKAR SAGAR,rborde@cse.iitd.ac.in,MTF 12:00-13:00,,,180,146,COL341
334,ANALYSIS & DESIGN OF ALGORITHMS,E,3.0-1.0-0.0,,TAIMUR DHINGRA,taramann@cse.iitd.ac.in,TWF 10:00-11:00,MTThF 13:00-14:00,,150,152,COL351
335,ARTIFICIAL INTELLIGENCE,F,3.0-0.0-2.0,,ROHAN ZACHARIA,jivin80@cse.iitd.ac.in,TThF 11:00-12:00,,,20,11,COL671
336,COMPUTER NETWORKS,D,3.0-0.0-2.0,,JHANVI SANT,bhamini44@cse.iitd.ac.in,TWF 09:00-10:00,,,20,12,COL672
337,ADVANCED DATA STRUCTURES,A,3.0-0.0-2.0,,SUMER SAMPATH,nakulhayre@cse.iitd.ernet.in,MTh 08:00-09:30,,,60,39,COL702
338,LOGIC FOR COMPUTER SCIENCE,B,3.0-0.0-2.0,,SAMIHA KAUR,randhawastuvan@cse.iitd.ac.in,MTh 09:30-11:00,,,70,48,COL703
339,ARCH. OF HIGH PERF. COMPUTERS,C,3.0-0.0-2.0,,FARHAN BANDI,aptevihaan@cse.iitd.ac.in,TWF 08:00-09:00,,,60,8,COL718
340,SYNTHESIS OF DIGITAL SYSTEMS,B,3.0-0.0-2.0,,LAKSHIT HANDA,heergolla@cse.iitd.ac.in,MTh 09:30-11:00,,,30,7,COL719
341,PARALLEL PROGRAMMING,AD,3.0-0.0-2.0,,ADVIKA RANGANATHAN,lchaudhari@cse.iitd.ac.in,TF 15:30-17:00,,,30,23,COL730
342,CLOUD COMPUTING TECHNO. FUNDA.,H,3.0-0.0-2.0,,VARDANIYA SAWHNEY,navyashenoy@cse.iitd.ac.in,M 11:00-12:00,,,90,75,COL733
343,DATA MINING,AB,3.0-0.0-2.0,,ARNAV GOYAL,tejassaxena@cse.iitd.ac.in,MTh 15:30-17:00,,,60,53,COL761
344,INTRO. TO LOGIC & FUNCT. PROG.,B,3.0-0.0-2.0,,VIDUR CHAUHAN,baladhanush@cse.iitd.ac.in,MTh 09:30-11:00,,,60,31,COL765
345,COMPUTER VISION,J,3.0-0.0-2.0,,SAIRA TATA,zarasoman@cse.iitd.ac.in,MTF 12:00-13:00,,,100,82,COL780
346,DIGITAL IMAGE ANALYSIS,AC,3.0-0.0-3.0,,RITVIK HARI,ela49@cse.iitd.ac.in,TF 14:00-15:30,,,80,48,COL783
347,ADV. TOPICS IN EMBEDDED COMP.,H,3.0-0.0-0.0,,ADVIKA RANGANATHAN,lchaudhari@cse.iitd.ac.in,M 11:00-12:00,,,30,6,COL788
348,SPL. TOPICS IN ARTIFICIAL INT.,AA,3.0-0.0-0.0,,SAMARTH KHURANA,kimayakibe@cse.iitd.ac.in,MTh 14:00-15:30,,,40,19,COL864
349,SPECIAL TOPICS IN COMPUTER AP.,AB,3.0-0.0-0.0,,MOHANLAL VIG,usavant@cse.iitd.ac.in,MTh 15:30-17:00,,,30,29,COL865
350,SPL. TOPICS IN DATABASE SYST.,AC,3.0-0.0-0.0,,JAYESH GOKHALE,tvarkey@cse.iitd.ac.in,TF 14:00-15:30,,,30,3,COL868
351,SPL. TOPICS IN MACHINE LEARNI.,AD,3.0-0.0-0.0,,EHSAAN SATHE,goyalarnav@cse.iitd.ac.in,TF 15:30-17:00,,,30,39,COL870
352,SP. TOP. IN PROG. LAN. & COMP.,X,3.0-0.0-0.0,,PIHU BISWAS,kulkarnidrishya@cse.iitd.ac.in,,,,60,0,COL871
353,INTRODUCTION TO COMP.SC. & ENG,X,0.0-0.0-2.0,,JAYESH GOKHALE,tvarkey@cse.iitd.ac.in,,,,150,118,CON101
354,SOFTWARE SYSTEMS LABORATORY,P,0.0-0.0-6.0,,PURAB SARRAF,nishithsidhu@cse.iitd.ac.in,,,,50,32,COP701
355,DIGITAL SYSTEM DESIGN LABORATORY,P,0.0-0.0-6.0,,NIRVAAN DEY,jhadhanush@cse.iitd.ac.in,,,,60,8,COP745
356,PROCESSOR DESIGN LAB,P,0.0-0.0-8.0,,PURAB SARRAF,nishithsidhu@cse.iitd.ac.in,,,,15,6,COP820
357,SEMINAR COURSE - I,P,0.0-0.0-2.0,,ADVIKA RANGANATHAN,lchaudhari@cse.iitd.ac.in,,,,40,37,COQ301
358,SEMINAR COURSE - II,P,0.0-0.0-2.0,,SAIRA TATA,zarasoman@cse.iitd.ac.in,,,,40,35,COQ302
359,SEMINAR COURSE - III,P,0.0-0.0-2.0,,EHSAAN SATHE,goyalarnav@cse.iitd.ac.in,,,,40,38,COQ303
360,SEMINAR COURSE - IV,P,0.0-0.0-2.0,,MOHANLAL VIG,usavant@cse.iitd.ac.in,,,,40,38,COQ304
361,INDEPENDENT STUDY (CS),P,0.0-3.0-0.0,,SAMARTH KHURANA,kimayakibe@cse.iitd.ac.in,,,,40,5,COS310
362,INDEPENDENT STUDY,P,0.0-3.0-0.0,,SAMARTH KHURANA,kimayakibe@cse.iitd.ac.in,,,,40,3,COS799
363,SUMMER INTERNSHIP - I,P,0.0-0.0-4.0,,ARNAV GOYAL,tejassaxena@cse.iitd.ac.in,,,,150,0,COT200
364,SPECIAL MODULE IN MACHINE LEA.,P,1.0-0.0-0.0,,SAMIHA KAUR,randhawastuvan@cse.iitd.ac.in,,,,30,13,COV878
365,SPECIAL MODULE IN SOFTWARE SY.,P,1.0-0.0-0.0,,FATEH DARA,aniruddh47@cse.iitd.ac.in,,,,30,0,COV882
366,SPECIAL MODULE IN COMPUTER AP.,P,1.0-0.0-0.0,,SAMIHA KAUR,randhawastuvan@cse.iitd.ac.in,,,,30,5,COV885
367,DESIGN PROJECT,P,1.0-0.0-6.0,,NEHMAT MAMMEN,abramsubramaniam@design.iitd.ac.in,,,,30,3,DSD799
368,DESIGN PROJECT -2,P,0.0-0.0-12.0,,NEHMAT MAMMEN,abramsubramaniam@design.iitd.ac.in,,,,20,20,DSD891
369,FRAMEWORK OF DESIGN,F,2.0-0.0-0.0,,HAZEL CHEEMA,danipari@design.iitd.ac.in,TThF 11:00-12:00,,,40,23,DSL710
370,ADV MAT PROCESSES & DIE DESIGN,J,2.0-0.0-2.0,,EVA RAJA,yasminkrishna@design.iitd.ac.in,MTF 12:00-13:00,,,40,25,DSL732
371,FORM AND AESTHETICS,D,2.0-0.0-2.0,,NEHMAT MAMMEN,abramsubramaniam@design.iitd.ac.in,TWF 09:00-10:00,,,40,27,DSL751
372,SPECIAL TOPICS IN DESIGN 1,P,3.0-0.0-0.0,,EVA RAJA,yasminkrishna@design.iitd.ac.in,,,,30,21,DSL810
373,DESIGN AND INNOVATION METHODS,AA,1.0-0.0-4.0,,PRANAY SATHE,gokulramanathan@design.iitd.ac.in,MTh 14:00-15:30,,,40,36,DSP721
374,COMMUNI. & PRESENTATION SKILLS,A,1.0-0.0-4.0,,ANVI BARIA,sumerbrar@design.iitd.ac.in,MTh 08:00-09:30,,,40,21,DSP731
375,SOCIAL IMMERSION,P,0.0-0.0-2.0,,NEHMAT MAMMEN,abramsubramaniam@design.iitd.ac.in,,,,40,20,DSR761
376,SUMMER INTERNSHIP,P,0.0-0.0-4.0,,NEHMAT MAMMEN,abramsubramaniam@design.iitd.ac.in,,,,60,19,DSR801
377,DESIGN FOR USER EXPERIENCE,B,3.0-0.0-0.0,,NEHMAT MAMMEN,abramsubramaniam@design.iitd.ac.in,MTh 09:30-11:00,,,25,26,DSR832
378,SPECIAL MODULES IN DESIGN,P,1.0-0.0-0.0,,ANVI BARIA,sumerbrar@design.iitd.ac.in,,,,40,23,DSV820
379,DOCTORAL THESIS,P,0.0-0.0-0.0,,NAYANTARA RAJU,ivanachopra@iitd.ac.in,,,,5000,2016,DTD899
380,COLLOQUIUM (EP),P,0.0-3.0-0.0,,RAGHAV SEM,bariavardaniya@ee.iitd.ac.in,,,,5,1,EEC420
381,MAJOR PROJECT PART 1 (EP),P,0.0-0.0-6.0,,RAGHAV SEM,bariavardaniya@ee.iitd.ac.in,,,,5,1,EED421
382,PRACTICAL TRAINING,P,0.0-0.0-0.0,,RAGHAV SEM,bariavardaniya@ee.iitd.ac.in,,,,5,1,EET420
383,B.TECH. PROJECT - I,P,0.0-0.0-6.0,,ISHAAN JOSHI,kavyakhanna@ee.iitd.ac.in,,,,140,86,ELD411
384,B.TECH. PROJECT - I,P,0.0-0.0-6.0,,ISHAAN JOSHI,kavyakhanna@ee.iitd.ac.in,,,,50,45,ELD431
385,MAJOR PROJECT PART I,P,0.0-0.0-12.0,,ONKAR ACHARYA,cwagle@ee.iitd.ac.in,,,,50,13,ELD801
386,MAJOR PROJECT PART II,P,0.0-0.0-24.0,,ONKAR ACHARYA,cwagle@ee.iitd.ac.in,,,,50,0,ELD802
387,MAJOR PROJECT PART-I (COMMUNIC,P,0.0-0.0-12.0,,HRIDAAN JHA,yuvraj-sahota@ee.iitd.ac.in,,,,50,16,ELD811
388,MAJOR PROJECT PART-II,P,0.0-0.0-24.0,,HRIDAAN JHA,yuvraj-sahota@ee.iitd.ac.in,,,,50,0,ELD812
389,MAJOR PROJECT PART-I (INTEGRAT,P,0.0-0.0-12.0,,HRIDAAN KAMDAR,singhmishti@ee.iitd.ac.in,,,,50,10,ELD831
390,MAJOR PROJECT PART-II,P,0.0-0.0-24.0,,HRIDAAN KAMDAR,singhmishti@ee.iitd.ac.in,,,,50,1,ELD832
391,MAJOR PROJECT PART-I,P,0.0-0.0-12.0,,CHARVI RANGANATHAN,rati41@ee.iitd.ac.in,,,,50,6,ELD851
392,MAJOR PROJECT PART-II,P,0.0-0.0-24.0,,CHARVI RANGANATHAN,rati41@ee.iitd.ac.in,,,,50,0,ELD852
393,MAJOR PROJECT PART-I,P,0.0-0.0-12.0,,SARA CHAD,eshani24@ee.iitd.ac.in,,,,50,9,ELD871
394,MAJOR PROJECT PART-II,P,0.0-0.0-24.0,,SARA CHAD,eshani24@ee.iitd.ac.in,,,,50,0,ELD872
395,MAJOR PROJECT PART-I,P,0.0-0.0-12.0,,DHANUK DOCTOR,srinivasanstuvan@ee.iitd.ac.in,,,,50,10,ELD880
396,MAJOR PROJECT PART II,P,0.0-0.0-24.0,,DHANUK DOCTOR,srinivasanstuvan@ee.iitd.ac.in,,,,50,0,ELD881
397,MS RESEARCH PROJECT,P,0.0-0.0-72.0,,DHARMAJAN LOKE,danishaan@ee.iitd.ac.in,,,,50,13,ELD895
398,INTRO. TO ELECTRICAL ENGG.,E,3.0-0.0-2.0,,VIDUR SONI,ymand@ee.iitd.ac.in,TWF 10:00-11:00,,,500,560,ELL100
399,DIGITAL ELECTRONICS,A,3.0-0.0-3.0,,VIDUR SATHE,seher95@ee.iitd.ac.in,MTh 08:00-09:30,,,150,141,ELL201
400,CIRCUIT THEORY,B,3.0-1.0-0.0,,ELAKSHI GOLA,rattandevansh@ee.iitd.ac.in,MTh 09:30-11:00,,,150,163,ELL202
401,ELECTROMECHANICS,E,3.0-1.0-0.0,,VEER GOYAL,vidurraval@ee.iitd.ac.in,TWF 10:00-11:00,MTThF 13:00-14:00,,145,162,ELL203
402,SIGNALS AND SYSTEMS,D,3.0-1.0-0.0,,RASHA CHEEMA,dbahri@ee.iitd.ac.in,TWF 09:00-10:00,MTThF 14:00-15:00,,200,223,ELL205
403,PHYSICAL ELECTRONICS,A,3.0-0.0-0.0,,ISHAAN JOSHI,kavyakhanna@ee.iitd.ac.in,MTh 08:00-09:30,,,100,16,ELL211
404,POWER ELECTRONICS,B,3.0-0.0-0.0,,CHARVI RANGANATHAN,rati41@ee.iitd.ac.in,MTh 09:30-11:00,,,140,135,ELL302
405,ANALOG ELECTRONIC CIRCUITS,F,3.0-1.0-3.0,,MAMOOTY BUCH,beraneelofar@ee.iitd.ac.in,TThF 11:00-12:00,MTThF 13:00-14:00,,140,133,ELL304
406,COMPUTER ARCHITECTURE,E,3.0-0.0-0.0,,PURAB SARRAF,nishithsidhu@cse.iitd.ac.in,TWF 10:00-11:00,,,200,194,ELL305
407,COMMUNICATION ENGINEERING,D,3.0-1.0-0.0,,DARSHIT GODA,sumer17@ee.iitd.ac.in,TWF 09:00-10:00,MTThF 14:00-15:00,,140,104,ELL311
408,MULTIVARIABLE CONTROL,F,3.0-0.0-0.0,,VRITIKA LATA,aradhya30@ee.iitd.ac.in,TThF 11:00-12:00,,,100,50,ELL333
409,POWER ENGINEERING-II,D,3.0-0.0-0.0,,SARA CHAD,eshani24@ee.iitd.ac.in,TWF 09:00-10:00,,,60,52,ELL363
410,MACHINE INTELLIGENCE & LEARNING,J,3.0-0.0-2.0,,DHANUK DOCTOR,srinivasanstuvan@ee.iitd.ac.in,MTF 12:00-13:00,,,0,112,ELL409
411,SPECIAL TOPICS IN COGNITIVE & INTELLIGENT SYSTEMS,J,3.0-0.0-0.0,,ABRAM BHARGAVA,misha96@ee.iitd.ac.in,MTF 12:00-13:00,,,45,4,ELL457
412,LINEAR SYSTEMS THEORY,A,3.0-0.0-0.0,,SEHER SACHDEVA,neelofar47@ee.iitd.ac.in,MTh 08:00-09:30,,,50,43,ELL700
413,MATHEMATICAL METHODS IN CONTRO,B,3.0-0.0-0.0,,RAGHAV SEM,bariavardaniya@ee.iitd.ac.in,MTh 09:30-11:00,,,60,47,ELL701
414,NONLINEAR SYSTEMS,AA,3.0-0.0-0.0,,ONKAR ACHARYA,cwagle@ee.iitd.ac.in,MTh 14:00-15:30,,,40,26,ELL702
415,SELECTED TOPICS IN SYSTEMS  AN,X,3.0-0.0-0.0,,ELA TAK,manjari12@ee.iitd.ac.in,,,,25,20,ELL708
416,CODING THEORY,E,3.0-0.0-0.0,,VIDUR SATHE,rashalata@ee.iitd.ac.in,TWF 10:00-11:00,,,50,15,ELL710
417,SIGNAL THEORY,A,3.0-0.0-0.0,,KEYA REDDY,arorasahil@ee.iitd.ac.in,MTh 08:00-09:30,,,100,69,ELL711
418,DIGITAL COMMUNICATIONS,J,3.0-0.0-0.0,,RHEA BADAMI,raunak36@ee.iitd.ac.in,MTF 12:00-13:00,,,100,65,ELL712
419,MICROWAVE THEORY AND TECHNIQUE,B,3.0-0.0-0.0,,JIVIN SARRAF,bhatiatejas@care.iitd.ac.in,MTh 09:30-11:00,,,50,25,ELL713
420,BASIC INFORMATION THEORY,X,3.0-0.0-0.0,,DARSHIT BATRA,jbarman@ee.iitd.ac.in,,,,50,23,ELL714
421,TELECOMMUNICATION SWITCHING AN,X,3.0-0.0-0.0,,ALISHA UPPAL,anya84@ee.iitd.ac.in,,,,50,7,ELL716
422,DIGITAL COMMUNICATION & INFORM,F,3.0-0.0-0.0,,MEHUL KASHYAP,anahitarattan@ee.iitd.ac.in,TThF 11:00-12:00,,,50,20,ELL727
423,OPTOELECTRONIC INSTRUMENTATION,H,3.0-0.0-0.0,,JAYAN SEHGAL,reyansh34@ee.iitd.ac.in,M 11:00-12:00,,,50,14,ELL728
424,MICRO AND NANOELECTRONICS,C,3.0-0.0-0.0,,GOKUL HEGDE,srinivasmadhup@ee.iitd.ac.in,TWF 08:00-09:00,,,75,49,ELL732
425,MOS VLSI DESIGN,F,3.0-0.0-0.0,,ZEESHAN DOCTOR,mwali@ee.iitd.ac.in,TThF 11:00-12:00,,,75,80,ELL734
426,ANALOG INTEGRATED CIRCUITS,D,3.0-0.0-0.0,,ESHANI BALAN,jhayer@ee.iitd.ac.in,TWF 09:00-10:00,,,70,58,ELL735
427,COMPACT MODELING OF SEMICONDUC,X,3.0-0.0-0.0,,DHARMAJAN LOKE,danishaan@ee.iitd.ac.in,,,,50,14,ELL740
428,NEUROMORPHIC ENGINEERING,X,3.0-0.0-0.0,,RANBIR RAVAL,elakshisangha@ee.iitd.ac.in,,,,75,25,ELL741
429,PHOTOVOLTAICS,AA,3.0-0.0-0.0,,HRIDAAN KAMDAR,singhmishti@ee.iitd.ac.in,MTh 14:00-15:30,,,50,8,ELL743
430,SEMICONDUCTOR MEMORY DESIGN,X,3.0-0.0-0.0,,ABRAM BHARGAVA,misha96@ee.iitd.ac.in,,,,50,23,ELL749
431,MODELLING OF ELECTRICAL MACHIN,K,3.0-0.0-0.0,,STUVAN SARAF,bhardwajrati@ee.iitd.ac.in,"W 12:00-13:00 ,TF 17:00-18:00",,,50,49,ELL750
432,POWER ELECTRONIC CONVERTERS,M,3.0-0.0-0.0,,HRISHITA DUGAR,wasontaimur@ee.iitd.ac.in,MTh 17:00-18:30,,,75,66,ELL751
433,ELECTRIC VEHICLES,D,3.0-0.0-0.0,,LAVANYA TARA,tarabatra@ee.iitd.ac.in,TWF 09:00-10:00,,,50,35,ELL764
434,COMPUTER AIDED DESIGN OF POWER,AA,3.0-0.0-0.0,,ISHAAN DUTTA,jhanvi83@ee.iitd.ac.in,MTh 14:00-15:30,,,50,31,ELL768
435,POWER SYSTEM ANALYSIS,A,3.0-0.0-0.0,,JAYAN SASTRY,sonikabir@ee.iitd.ac.in,MTh 08:00-09:30,,,50,26,ELL770
436,ADVANCED POWER SYSTEM PROTECTI,E,3.0-0.0-0.0,,MISHA SAMRA,mshenoy@ee.iitd.ac.in,TWF 10:00-11:00,,,50,43,ELL771
437,POWER SYSTEM DYNAMICS,F,3.0-0.0-0.0,,SARA CHAD,eshani24@ee.iitd.ac.in,TThF 11:00-12:00,,,50,29,ELL775
438,MATHEMATICAL FOUNDATIONS OF CO,J,3.0-0.0-0.0,,ABRAM BHARGAVA,misha96@ee.iitd.ac.in,MTF 12:00-13:00,,,50,42,ELL780
439,SOFTWARE FUNDAMENTALS FOR COMP,C,3.0-0.0-0.0,,DHANUK DOCTOR,srinivasanstuvan@ee.iitd.ac.in,TWF 08:00-09:00,,,50,31,ELL781
440,COMPUTER ARCHITECTURE,A,3.0-0.0-0.0,,JHANVI GROVER,ysalvi@ee.iitd.ac.in,MTh 08:00-09:30,,,50,37,ELL782
441,INTRODUCTION TO MACHINE LEARNI,M,3.0-0.0-0.0,,SHAMIK Dâ€™ALIA,kiaradani@ee.iitd.ac.in,MTh 17:00-18:30,,,0,96,ELL784
442,COMPUTER COMMUNICATION NETWORK,K,3.0-0.0-0.0,,ALISHA UPPAL,anya84@ee.iitd.ac.in,"W 12:00-13:00 ,TF 17:00-18:00",,,50,35,ELL785
443,MULTIMEDIA SYSTEMS,X,3.0-0.0-0.0,,LAKSHAY GARDE,suhanabalasubramanian@ee.iitd.ernet.in,,,,50,44,ELL786
444,EMBEDDED SYSTEMS AND APPLICATI,X,3.0-0.0-0.0,,STUVAN AURORA,kalaaarush@cbme.iitd.ac.in,,,,100,44,ELL787
445,COMPUTER VISION,X,3.0-0.0-0.0,,LAKSHAY GARDE,suhanabalasubramanian@ee.iitd.ernet.in,,,,50,18,ELL793
446,MODEL REDUCTION IN CONTROL,M,3.0-0.0-0.0,,TRISHA BHATNAGAR,fatehgupta@ee.iitd.ernet.in,MTh 17:00-18:30,,,50,11,ELL803
447,ROBUST CONTROL,AD,3.0-0.0-0.0,,ZOYA VIG,edass@ee.iitd.ac.in,TF 15:30-17:00,,,50,21,ELL804
448,TELECOMMUNICATION TECHNOLOGIES,M,3.0-0.0-0.0,,MISHA GANGULY,jivin31@ee.iitd.ac.in,MTh 17:00-18:30,,,50,0,ELL818
449,SELECTED TOPICS IN COMMUNICATI,X,3.0-0.0-0.0,,RATI KARI,ishitakade@ee.iitd.ac.in,,,,50,14,ELL821
450,SELECTED TOPICS IN INFORMATION PROCESSING-I,B,3.0-0.0-0.0,,UMANG BHAT,elaganesh@ee.iitd.ac.in,MTh 09:30-11:00,,,50,0,ELL823
451,SELECTED TOPICS ININFORMATION PROCESSING - II,X,3.0-0.0-0.0,,SAHIL TARA,nehmatsolanki@ee.iitd.ac.in,,,,60,23,ELL824
452,SELECTED TOPICS IN IEC-I,X,3.0-0.0-0.0,,HAZEL SARIN,abramgaba@ee.iitd.ac.in,,,,50,10,ELL832
453,HIGH POWER CONVERTERS,X,3.0-0.0-0.0,,ABRAM SAMRA,sacharnakul@ee.iitd.ac.in,,,,50,15,ELL855
454,SELECTED TOPICS IN POWER ELECT,X,3.0-0.0-0.0,,TARAN SAINI,vivaanbains@ee.iitd.ac.in,,,,50,14,ELL857
455,SPECIAL TOPICS IN COMPUTERS 1,A,3.0-0.0-0.0,,JHANVI GROVER,ysalvi@ee.iitd.ac.in,MTh 08:00-09:30,,,50,0,ELL880
456,COMPUTATIONAL NEUROSCIENCE,AD,3.0-0.0-0.0,,PRERAK BUTALA,walirati@ee.iitd.ac.in,TF 15:30-17:00,,,50,13,ELL890
457,INTRO. TO ELECTRICAL ENGG.,P,0.0-0.0-2.0,,MISHA GANGULY,jivin31@ee.iitd.ac.in,,,,140,95,ELN101
458,INTRO. ELEC.ENGG. POWER & AUTO.,P,0.0-0.0-2.0,,STUVAN SARAF,bhardwajrati@ee.iitd.ac.in,,,,60,51,ELN111
459,ELECTROMAGNETICS LABORATORY,P,0.0-0.0-3.0,,RANBIR RAVAL,elakshisangha@ee.iitd.ac.in,,,,140,83,ELP212
460,CONTROL ENGINEERING LABORATORY,P,0.0-0.0-3.0,,ONKAR ACHARYA,cwagle@ee.iitd.ac.in,,,,140,126,ELP225
461,POWER ENGINEERING LABORATORY,P,0.0-0.0-3.0,,SARA CHAD,eshani24@ee.iitd.ac.in,,,,140,132,ELP303
462,ELECTRIC DRIVES LABORATORY,P,0.0-0.0-3.0,,TARAN SAINI,vivaanbains@ee.iitd.ac.in,,,,140,47,ELP332
463,TELECOMMUNICATION SOFTWARE LAB,P,0.0-1.0-4.0,,MISHA GANGULY,jivin31@ee.iitd.ac.in,,,,50,23,ELP718
464,MICROWAVE LABORATORY,D,0.0-1.0-4.0,,RANIA BORDE,mammengatik@care.iitd.ac.in,,MTThF 14:00-15:00,,50,24,ELP719
465,SOFTWARE LAB,P,0.0-1.0-4.0,,MISHA GANGULY,jivin31@ee.iitd.ac.in,,,,50,11,ELP780
466,CONTROL SYSTEMS LABORATORY,P,0.0-0.0-2.0,,RAGHAV SEM,bariavardaniya@ee.iitd.ac.in,,,,50,21,ELP800
467,IEC LABORATORY-I,P,0.0-0.0-6.0,,ABRAM BHARGAVA,misha96@ee.iitd.ac.in,,,,50,21,ELP831
468,ELECTRICAL MACHINES LABORATORY,P,0.0-0.0-3.0,,LAVANYA TARA,tarabatra@ee.iitd.ac.in,,,,50,31,ELP850
469,POWER ELECTRONICS LABORATORY,P,0.0-0.0-3.0,,HRISHITA DUGAR,wasontaimur@ee.iitd.ac.in,,,,50,31,ELP851
470,POWER SYSTEM LAB 1,P,0.0-1.0-4.0,,JAYAN SASTRY,sonikabir@ee.iitd.ac.in,,,,50,18,ELP870
471,SEMINAR COURSE - I,P,0.0-0.0-2.0,,SEHER SACHDEVA,neelofar47@ee.iitd.ac.in,,,,52,54,ELQ301
472,INDEPENDENT STUDY (EE1),P,0.0-3.0-0.0,,RANBIR RAVAL,elakshisangha@ee.iitd.ac.in,,,,30,9,ELS310
473,INDEPENDENT STUDY (EE3),P,0.0-3.0-0.0,,RANBIR RAVAL,elakshisangha@ee.iitd.ac.in,,,,30,7,ELS330
474,SPECIAL MODULE IN COMPUTERS,X,1.0-0.0-0.0,,JHANVI GROVER,ysalvi@ee.iitd.ac.in,,,,30,14,ELV780
475,MAJOR PROJECT PART-I,P,0.0-0.0-24.0,,ELAKSHI GOLA,rattandevansh@ee.iitd.ac.in,,,,60,10,JVD811
476,MAJOR PROJECT PART-II,P,0.0-0.0-24.0,,ELAKSHI GOLA,rattandevansh@ee.iitd.ac.in,,,,30,0,JVD812
477,SEMINAR (CASE MATERIAL-BASED)MINOR PROJECT,A,0.0-0.0-6.0,,SHAAN CHHABRA,chandaanahita@hss.iitd.ac.in,,,,150,3,HSD700
478,PERSPECTIVES ON ENVIRONMENT: IMPLICATION FOR POLICY,A,3.0-0.0-0.0,HU,JIYA RAJAGOPAL,venkataramanvritika@sopp.iitd.ac.in,MTh 08:00-09:30,,,35,26,HSL304
479,CODEX TO HYPERTEXT,A,3.0-0.0-0.0,HU,YASHVI WADHWA,jayesh70@hss.iitd.ac.in,MTh 08:00-09:30,,,35,12,HSL384
480,MICROECONOMICS,AA,3.0-0.0-0.0,,SHAAN CHHABRA,chandaanahita@hss.iitd.ac.in,MTh 14:00-15:30,,,30,5,HSL712
481,ADVANCED ECONOMETRICS,AA,3.0-0.0-0.0,,NIRVI WALI,sampathsumer@hss.iitd.ac.in,MTh 14:00-15:30,,,30,11,HSL719
482,TRANSFORMATIONAL THEORIES OF LANGUAGE,X,3.0-0.0-0.0,,KANAV BASAK,krishnancharvi@hss.iitd.ac.in,,,,30,2,HSL742
483,PSYCHOLINGUISTICS,X,3.0-0.0-0.0,,SHALV BHANDARI,hazelkar@hss.iitd.ac.in,,,,30,3,HSL745
484,PHONOLOGICAL MARKEDNESS,X,2.0-0.0-2.0,,VAIBHAV BORA,sarmarhea@hss.iitd.ac.in,,,,30,2,HSL746
485,THEORIES OF PSYCHOLOGY,X,3.0-0.0-0.0,,DHRUV BATH,sunderahana@hss.iitd.ac.in,,,,35,8,HSL761
486,PSYCHOLOGICAL INTERVENTIONS,B,3.0-0.0-0.0,,SAHIL SANKARAN,aroraanaya@hss.iitd.ac.in,MTh 09:30-11:00,,,30,6,HSL764
487,SOCIOLOGICAL THEORY,X,3.0-0.0-0.0,,ARNAV DYAL,parisachdeva@hss.iitd.ac.in,,,,30,13,HSL771
488,GENDER AND SOCIETY,B,3.0-0.0-0.0,,INDRAJIT BHANDARI,keya62@hss.iitd.ac.in,MTh 09:30-11:00,,,30,13,HSL779
489,RESEARCH WRITING,A,3.0-0.0-0.0,,NEYSA KARI,samihamander@hss.iitd.ac.in,MTh 08:00-09:30,,,160,139,HSL800
490,RESEARCH WRITING,M,3.0-0.0-0.0,,NEYSA KARI,samihamander@hss.iitd.ac.in,MTh 17:00-18:30,,,160,146,HSL800
491,RESEARCH WRITING,X,3.0-0.0-0.0,,NEYSA KARI,samihamander@hss.iitd.ac.in,,,,160,88,HSL800
492,LITERATURE AND THE CITY,AC,3.0-0.0-0.0,,SIYA GOLLA,andravedika@hss.iitd.ac.in,TF 14:00-15:30,,,30,8,HSL834
493,PERFORMANCE/ THEATRE: THEORY/ PRACTICE,B,3.0-0.0-0.0,,YASHVI WADHWA,jayesh70@hss.iitd.ac.in,MTh 09:30-11:00,,,30,0,HSL836
494,ADVANCED TOPICS IN LITERATURE,X,3.0-0.0-0.0,,NIRVI MANDER,mishti64@hss.iitd.ac.in,,,,30,17,HSL840
495,ADVANCED TOPICS IN LINGUISTICS,X,3.0-0.0-0.0,,SAKSHAM WAGLE,shankerakarsh@hss.iitd.ac.in,,,,30,4,HSL850
496,ADVANCED TOPICS IN PHILOSOPHY,X,3.0-0.0-0.0,,EHSAAN VALA,darshitvasa@hss.iitd.ac.in,,,,30,4,HSL860
497,ETHNOGRAPHIC RESEARCH METHODS,X,1.5-0.0-0.0,,RENEE BATRA,jiyasaini@hss.iitd.ac.in,,,,30,17,HSV771
498,INTRODUCTION TO RESEARCH METHODOLOGY,X,1.5-0.0-0.0,,ABRAM KADE,bahlmisha@hss.iitd.ac.in,,,,30,5,HSV781
499,MICROECONOMICS,M,3.0-1.0-0.0,HU,SHAAN CHHABRA,chandaanahita@hss.iitd.ac.in,MTh 17:00-18:30,,,85,87,HUL212
500,MACRO ECONOMICS,M,3.0-1.0-0.0,HU,JIVIN SINGHAL,saira49@hss.iitd.ac.in,MTh 17:00-18:30,,,85,88,HUL213
501,MODERN INDIAN FICTION IN TRANSLATION,M,3.0-1.0-0.0,HU,SARA WAGLE,shalv86@hss.iitd.ac.in,MTh 17:00-18:30,,,85,85,HUL232
502,FUNDAMENTALS OF LANGUAGE SCIENCES,A,3.0-1.0-0.0,HU,KANAV BASAK,krishnancharvi@hss.iitd.ac.in,MTh 08:00-09:30,MTThF 13:00-14:00,,300,305,HUL242
503,INTRO. TO CLASSICAL INDIANPHILOSOPHY,B,3.0-1.0-0.0,HU,EHSAAN VALA,darshitvasa@hss.iitd.ac.in,MTh 09:30-11:00,,,85,51,HUL252
504,CRITICAL THINKING,A,3.0-1.0-0.0,HU,IVANA DHAWAN,gatiksingh@hss.iitd.ac.in,MTh 08:00-09:30,MTThF 13:00-14:00,,85,86,HUL256
505,INTRODUCTION TO PSYCHOLOGY,A,3.0-1.0-0.0,HU,MADHAV SAMI,pborde@hss.iitd.ac.in,MTh 08:00-09:30,MTThF 13:00-14:00,,85,94,HUL261
506,INTRODUCTION TO PSYCHOLOGY,B,3.0-1.0-0.0,HU,MIRAYA BHARGAVA,jayan74@hss.iitd.ac.in,MTh 09:30-11:00,,,85,72,HUL261
507,INTRODUCTION TO SOCIOLOGY,B,3.0-1.0-0.0,HU,ARNAV DYAL,parisachdeva@hss.iitd.ac.in,MTh 09:30-11:00,,,170,37,HUL271
508,ENVIRONMENT; DEVELOPMENT AND SOCIETY,M,3.0-1.0-0.0,HU,JAYANT DIN,ksunder@sopp.iitd.ac.in,MTh 17:00-18:30,,,85,88,HUL275
509,ENVIRONMENT; DEVELOPMENT AND SOCIETY,J,3.0-1.0-0.0,HU,NEYSA KARI,samihamander@hss.iitd.ac.in,MTF 12:00-13:00,,,85,85,HUL275
510,PERSPECTIVE ON SCIENCE TECHNOLOGY & HUMAN DEVPT,A,3.0-1.0-0.0,HU,DHRUV LAL,zachariaadvika@sopp.iitd.ac.in,MTh 08:00-09:30,MTThF 13:00-14:00,,85,34,HUL289
511,TECHNOLOGY AND CULTURE,M,3.0-1.0-0.0,HU,SHAMIK KANT,deshpandemannat@hss.iitd.ac.in,MTh 17:00-18:30,,,85,88,HUL290
512,ECONOMETRIC METHODS,M,3.0-0.0-0.0,HU,NIRVI WALI,sampathsumer@hss.iitd.ac.in,MTh 17:00-18:30,,,35,36,HUL315
513,ECONOMETRIC METHODS,J,3.0-0.0-0.0,HU,ANYA ROY,hiran16@sopp.iitd.ac.in,MTF 12:00-13:00,,,35,41,HUL315
514,MODERNIST FICTION,J,3.0-0.0-0.0,HU,SIYA GOLLA,andravedika@hss.iitd.ac.in,MTF 12:00-13:00,,,35,20,HUL331
515,SELECTED TOPICS IN LITERATURE,B,3.0-0.0-0.0,HU,KARTIK SAINI,kiara56@hss.iitd.ac.in,MTh 09:30-11:00,,,35,34,HUL340
516,SELECTED TOPICS IN LINGUISTICS,B,3.0-0.0-0.0,HU,VAIBHAV BORA,sarmarhea@hss.iitd.ac.in,MTh 09:30-11:00,,,35,34,HUL350
517,PHILOSOPHY AND INTELLECTUAL HI,B,3.0-0.0-0.0,HU,NIRVI MANDER,mishti64@hss.iitd.ac.in,MTh 09:30-11:00,,,35,40,HUL355
518,APPLIED POSITIVE PSYCHOLOGY,A,3.0-0.0-0.0,HU,SAHIL SANKARAN,aroraanaya@hss.iitd.ac.in,MTh 08:00-09:30,,,35,23,HUL361
519,UNDERSTANDING THE SOCIAL BEING,M,3.0-0.0-0.0,HU,JAYAN KARA,anvi35@hss.iitd.ac.in,MTh 17:00-18:30,,,35,36,HUL364
520,SELECTED TOPICS IN PSYCHOLOGY,A,3.0-0.0-0.0,HU,DHRUV BATH,sunderahana@hss.iitd.ac.in,MTh 08:00-09:30,,,35,35,HUL370
521,THE SOCIOLOGY OF RELIGION,M,3.0-0.0-0.0,HU,KAVYA CHOKSHI,sureshdivit@hss.iitd.ac.in,MTh 17:00-18:30,,,35,35,HUL375
522,"GENDER, TECHNOLOGY AND SOCIETY",H,3.0-0.0-0.0,HU,INDRAJIT BHANDARI,keya62@hss.iitd.ac.in,M 11:00-12:00,,,35,31,HUL377
523,"MIND, MACHINES AND LANGUAGE",M,3.0-0.0-0.0,HU,ZAINA KEER,ryanlata@hss.iitd.ac.in,MTh 17:00-18:30,,,35,41,HUL381
524,SOCIAL PSYCHOLOGY,X,2.0-1.0-0.0,,MIRAYA BHARGAVA,jayan74@hss.iitd.ac.in,,,,30,7,HUL707
525,POLITICAL ECONOMY OF DEVELOPMENT,AB,3.0-0.0-0.0,,ALIA SANDAL,nrau@hss.iitd.ac.in,MTh 15:30-17:00,,,30,19,HUL718
526,METHODS IN HISTORIAL SOCIOLOGY,X,1.5-0.0-0.0,,RENEE BATRA,jiyasaini@hss.iitd.ac.in,,,,35,11,HUV774
527,FIBER OPTICS AND OPTICAL COMMUNICATIONS LAB.,P,0.0-0.0-6.0,,MANNAT SATHE,shanayasaxena@ee.iitd.ac.in,,,,60,16,JOP791
528,SEMINAR,P,0.0-0.0-6.0,,TEJAS DESHPANDE,nehmatlal@dms.iitd.ac.in,,,,70,49,MSC894
529,MINOR PROJECT,P,0.0-0.0-6.0,,KAIRA MANI,gchaudhuri@dms.iitd.ac.in,,,,120,21,MSD792
530,MANAGERIAL ACC. & FINAC. MGMT.,A,3.0-0.0-0.0,,BAIJU GHOSE,samihadara@dms.iitd.ac.in,MTh 08:00-09:30,,,120,120,MSL302
531,OPERATIONS MANAGEMENT,M,3.0-0.0-0.0,,SARA SAHA,wablebhavin@dms.iitd.ac.in,MTh 17:00-18:30,,,120,71,MSL304
532,NEW VENTURE CREATION,X,2.0-0.0-2.0,,NAKUL CHERIAN,kashvirastogi@dms.iitd.ac.in,,,,100,100,MSL305
533,IDEATION AND PROTOYPING,X,2.0-0.0-2.0,,NAKUL CHERIAN,kashvirastogi@dms.iitd.ac.in,,,,100,77,MSL306
534,MANAGEMENT OF TECHNOLOGY TRANSFER ANDABSORPTION,T,3.0-0.0-0.0,,TANYA SANGHVI,tatachirag@dms.iitd.ac.in,,,,70,53,MSL703
535,BUSINESS LAWS,S,3.0-0.0-0.0,,ALIA ATWAL,kairabhavsar@dms.iitd.ac.in,,,,70,49,MSL706
536,MANAGEMENT ACCOUNTING,F,3.0-0.0-0.0,,AARUSH JOHAL,clad@dms.iitd.ac.in,TThF 11:00-12:00,,,70,67,MSL707
537,MANAGEMENT ACCOUNTING,D,3.0-0.0-0.0,,KAIRA MANI,gchaudhuri@dms.iitd.ac.in,TWF 09:00-10:00,,,70,65,MSL707
538,MANAGEMENT ACCOUNTING,T,3.0-0.0-0.0,,MANJARI RANA,hridaan93@dms.iitd.ac.in,,,,70,38,MSL707
539,BUSINESS RESEARCH METHODS,AD,1.5-0.0-0.0,,MIRAYA BANDI,shegde@dms.iitd.ac.in,TF 15:30-17:00,,,90,66,MSL709
540,BUSINESS RESEARCH METHODS,AC,1.5-0.0-0.0,,MIRAYA BANDI,shegde@dms.iitd.ac.in,TF 14:00-15:30,,,90,77,MSL709
541,BUSINESS RESEARCH METHODS,R2,1.5-0.0-0.0,,MIRAYA BANDI,shegde@dms.iitd.ac.in,,,,90,40,MSL709
542,STRATEGIC MANAGEMENT,T,3.0-0.0-0.0,,PRERAK UPADHYAY,dhanukdey@dms.iitd.ac.in,,,,70,38,MSL711
543,ETHICS & VALUE BASED LEADERSH.,AA,1.5-0.0-0.0,,ANIRUDDH BAINS,mkhurana@dms.iitd.ac.in,MTh 14:00-15:30,,,70,63,MSL712
544,ETHICS & VALUE BASED LEADERSH.,AB,1.5-0.0-0.0,,ANIRUDDH BAINS,mkhurana@dms.iitd.ac.in,MTh 15:30-17:00,,,70,65,MSL712
545,ETHICS & VALUE BASED LEADERSH.,R1,1.5-0.0-0.0,,ANIRUDDH BAINS,mkhurana@dms.iitd.ac.in,,,,70,37,MSL712
546,STATISTICS FOR MANAGEMENT,D,3.0-0.0-0.0,,ISHAAN BHALLA,ebutala@dms.iitd.ac.in,TWF 09:00-10:00,,,90,77,MSL719
547,STATISTICS FOR MANAGEMENT,E,3.0-0.0-0.0,,ISHAAN BHALLA,ebutala@dms.iitd.ac.in,TWF 10:00-11:00,,,90,88,MSL719
548,STATISTICS FOR MANAGEMENT,S,3.0-0.0-0.0,,BHAVIN VORA,farhan36@dms.iitd.ac.in,,,,70,84,MSL719
549,MACROECONOMIC ENV. OF BUSINESS,Q,3.0-0.0-0.0,,BHAVIN VORA,farhan36@dms.iitd.ac.in,,,,70,68,MSL720
550,BUSINESS COMMUNICATION,AC,1.5-0.0-0.0,,JIVIKA SENGUPTA,neelofar94@dms.iitd.ac.in,TF 14:00-15:30,,,70,62,MSL724
551,BUSINESS COMMUNICATION,AD,1.5-0.0-0.0,,JIVIKA SENGUPTA,neelofar94@dms.iitd.ac.in,TF 15:30-17:00,,,70,65,MSL724
552,BUSINESS COMMUNICATION,S,1.5-0.0-0.0,,JIVIKA SENGUPTA,neelofar94@dms.iitd.ac.in,,,,70,34,MSL724
553,INDIVIDUAL BEHAVIOR IN ORGANIZATION,C,1.5-0.0-0.0,,NEHMAT DAVE,yaggarwal@dms.iitd.ac.in,TWF 08:00-09:00,,,70,64,MSL729
554,INDIVIDUAL BEHAVIOR IN ORGANIZATION,AA,1.5-0.0-0.0,,NEHMAT DAVE,yaggarwal@dms.iitd.ac.in,MTh 14:00-15:30,,,70,65,MSL729
555,INDIVIDUAL BEHAVIOR IN ORGANIZATION,S,1.5-0.0-0.0,,NEHMAT DAVE,yaggarwal@dms.iitd.ac.in,,,,70,33,MSL729
556,QUANTITATIVE METHODS IN MGMT.,E,3.0-0.0-0.0,,ARNAV TAILOR,mirayashenoy@dms.iitd.ac.in,TWF 10:00-11:00,,,70,63,MSL740
557,QUANTITATIVE METHODS IN MGMT.,F,3.0-0.0-0.0,,ARNAV TAILOR,mirayashenoy@dms.iitd.ac.in,TThF 11:00-12:00,,,70,0,MSL740
558,OPERATIONS MANAGEMENT,R,3.0-0.0-0.0,,SARA SAHA,wablebhavin@dms.iitd.ac.in,,,,70,35,MSL745
559,MARKETING MANAGEMENT,A,3.0-0.0-0.0,,VIDUR KURIAN,dkaur@dms.iitd.ac.in,MTh 08:00-09:30,,,70,66,MSL760
560,MARKETING MANAGEMENT,Q,3.0-0.0-0.0,,TEJAS DESHPANDE,nehmatlal@dms.iitd.ac.in,,,,70,40,MSL760
561,MARKETING MANAGEMENT,C,3.0-0.0-0.0,,NAKUL GUHA,lallaurvi@dms.iitd.ac.in,TWF 08:00-09:00,,,70,67,MSL760
562,MANAGERIAL ECONOMICS,J,1.5-0.0-0.0,,ELAKSHI HAYRE,xsharma@dms.iitd.ac.in,MTF 12:00-13:00,,,70,63,MSL780
563,MANAGERIAL ECONOMICS,A,1.5-0.0-0.0,,ELAKSHI HAYRE,xsharma@dms.iitd.ac.in,MTh 08:00-09:30,,,70,66,MSL780
564,MGMT. OF INTELLECTUAL PR. RIG.,L,3.0-0.0-0.0,,ALIA ATWAL,kairabhavsar@dms.iitd.ac.in,"W 13:00-15:00 ,TF 18:00-19:00",,,60,16,MSL802
565,TECHNICAL ENTREPRENEURSHIP,U,3.0-0.0-0.0,,NAKUL CHERIAN,kashvirastogi@dms.iitd.ac.in,,,,120,27,MSL803
566,SERVICES OPERATIONS MANAGEMENT,T,3.0-0.0-0.0,,ABRAM RAVI,berakrish@dms.iitd.ac.in,,,,120,21,MSL805
567,SEL. TOPICS IN STRATEGIC MGMT,R,1.0-0.0-0.0,,PRERAK UPADHYAY,dhanukdey@dms.iitd.ac.in,,,,120,2,MSL807
568,DATA VISUALIZATION,T2,1.5-0.0-0.0,,YUVAAN IYENGAR,kverma@dms.iitd.ac.in,,,,120,42,MSL814
569,INTERNATIONAL BUSINESS,R,3.0-0.0-0.0,,INDRANIL ROUT,bathjayan@dms.iitd.ac.in,,,,120,20,MSL822
570,CURRENT & EM. ISSUES IN ST. MG,U,3.0-0.0-0.0,,TANYA SANGHVI,tatachirag@dms.iitd.ac.in,,,,120,13,MSL829
571,CURRENT & EM. ISS. IN ORG. MG.,Q,3.0-0.0-0.0,,NEHMAT DAVE,yaggarwal@dms.iitd.ac.in,,,,120,18,MSL839
572,SUPPLY CHAIN ANALYTICS,R,3.0-0.0-0.0,,VIVAAN ROUT,talwarishaan@dms.iitd.ac.in,,,,120,9,MSL841
573,SUPPLY CHAIN LOGISTICS MGMT.,AC,3.0-0.0-0.0,,AMIRA GOEL,senguptarati@dms.iitd.ac.in,TF 14:00-15:30,,,45,42,MSL843
574,TOTAL PROJECT SYSTEMS MGMT.,D,3.0-0.0-0.0,,VIVAAN ROUT,talwarishaan@dms.iitd.ac.in,TWF 09:00-10:00,,,120,35,MSL845
575,STRATEGIC ALLIANCE,Q1,1.5-0.0-0.0,,TANYA SANGHVI,tatachirag@dms.iitd.ac.in,,,,120,24,MSL851
576,ELECTRONIC COMMERCE,Q,3.0-0.0-0.0,,ALIA ATWAL,kairabhavsar@dms.iitd.ac.in,,,,120,46,MSL855
577,PRODUCT MANAGEMENT,U,3.0-0.0-0.0,,NAKUL GUHA,lallaurvi@dms.iitd.ac.in,,,,120,88,MSL862
578,BANKING AND FINANCIAL SERVICES,B2,1.5-0.0-0.0,,MANJARI RANA,hridaan93@dms.iitd.ac.in,,,,120,41,MSL871
579,SECURITY ANALYSIS & PORTFOLIOMANAGEMENT,Q,3.0-0.0-0.0,,ANAY BALASUBRAMANIAN,kiaan83@dms.iitd.ac.in,,,,120,15,MSL873
580,INDIAN FINANCIAL SYSTEM,B1,1.5-0.0-0.0,,MANJARI RANA,hridaan93@dms.iitd.ac.in,,,,120,48,MSL874
581,INTERNATIONAL FINANCIAL MANAGEMENT,AB,3.0-0.0-0.0,,INDRANIL ROUT,bathjayan@dms.iitd.ac.in,MTh 15:30-17:00,,,120,34,MSL875
582,CURRENT AND EMERGING ISSUES IN FINANCE,T,3.0-0.0-0.0,,KAIRA MANI,gchaudhuri@dms.iitd.ac.in,,,,120,69,MSL879
583,DIGITAL MARKETING-ANALYTICS & OPTIMIZATION,R,3.0-0.0-0.0,,ANVI BARIA,manikya67@dms.iitd.ac.in,,,,120,71,MSL885
584,MOBILE COMMERCE,K,3.0-0.0-0.0,,YUVAAN IYENGAR,kverma@dms.iitd.ac.in,"W 12:00-13:00 ,TF 17:00-18:00",,,120,44,MSL887
585,PREDICTIVE ANALYTICS,T1,1.5-0.0-0.0,,ANVI BARIA,manikya67@dms.iitd.ac.in,,,,120,22,MSL892
586,CORPORATE SECTOR ATTACHMENT,P,0.0-0.0-4.0,,ANVI BARIA,manikya67@dms.iitd.ac.in,,,,120,68,MST893
587,SELECTED TOPICS IN I T MANAGEMENT,X,1.0-0.0-0.0,,ALIA ATWAL,kairabhavsar@dms.iitd.ac.in,,,,60,1,MSV803
588,CONTEMPORARY ISSUES IN FINANCE,X,1.0-0.0-0.0,,BAIJU GHOSE,samihadara@dms.iitd.ac.in,,,,60,24,MSV819
589,MAJOR PROJECT PART-I,J,0.0-0.0-12.0,,CHIRAG CHEEMA,arhaankannan@mse.iitd.ac.in,,,,600,14,JPD801
590,MAJOR PROJECT PART-II,J,0.0-0.0-24.0,,CHIRAG CHEEMA,arhaankannan@mse.iitd.ac.in,,,,30,0,JPD802
591,STRUCTURE AND CHARACTERISATION OF MATERIALS,A,3.0-0.0-0.0,,YASHVI BANERJEE,odhar@mse.iitd.ac.in,MTh 08:00-09:30,,,30,17,MLL701
592,THERMODYNAMICS OF MATERIALS,B,3.0-0.0-0.0,,AKARSH AMBLE,fgopal@mse.iitd.ac.in,MTh 09:30-11:00,,,30,15,MLL702
593,MATHEMATICAL AND COMPUTATIONAL METHODS IN MATERIALS,D,3.0-0.0-2.0,,PRANAY DUA,nishithwalia@mse.iitd.ac.in,TWF 09:00-10:00,,,20,15,MLL703
594,MATERIALS PROCESSING AND CHARACTERIZATION LAB,X,1.0-1.0-4.0,,KIAAN GANESH,doraadah@mse.iitd.ac.in,,,,20,11,MLP704
595,SPECIAL TOPICS IN MATERIALS,X,1.0-0.0-0.0,,IVAN VARMA,surajayant@mse.iitd.ac.in,,,,30,15,MLV705
596,POLYMER CHEMISTRY,A,3.0-0.0-0.0,,YAKSHIT RAMASWAMY,krishayesha@mse.iitd.ac.in,MTh 08:00-09:30,,,30,19,PTL701
597,POLYMER PHYSICS,M,3.0-0.0-0.0,,CHIRAG CHEEMA,arhaankannan@mse.iitd.ac.in,MTh 17:00-18:30,,,30,17,PTL703
598,POLYMER CHARACTERIZATION,E,2.0-0.0-2.0,,CHIRAG MAHARAJ,kismatbrar@mse.iitd.ac.in,TWF 10:00-11:00,,,40,23,PTL705
599,POLYMER ENGG. & RHEOLOGY,B,3.0-0.0-0.0,,KHUSHI DHINGRA,lgulati@mse.iitd.ac.in,MTh 09:30-11:00,,,30,16,PTL707
600,POLYMER TECHNOLOGY,X,3.0-0.0-0.0,,ADAH MADAN,lchakraborty@mse.iitd.ac.in,,,,40,0,PTL709
601,POLYMER BLENDS & ALLOYS,D,3.0-0.0-0.0,,ADAH MADAN,lchakraborty@mse.iitd.ac.in,TWF 09:00-10:00,,,30,17,PTL714
602,POLYMERIC COATINGS,J,3.0-0.0-0.0,,SHRAY JOHAL,zeeshan90@cbme.iitd.ac.in,MTF 12:00-13:00,,,60,19,PTL724
603,POLYMERIC NANOMATERIALS AND NANOCOMPOSITES,AD,3.0-0.0-0.0,,TARINI KEER,heerbhattacharyya@mse.iitd.ac.in,TF 15:30-17:00,,,30,20,PTL726
604,POLYMER SCIENCE LABORATORY,P,0.0-0.0-4.0,,ADAH MADAN,lchakraborty@mse.iitd.ac.in,,,,30,19,PTP709
605,COLLOQUIUM (MT),P,0.0-3.0-0.0,,PARI BALA,mishti50@maths.iitd.ac.in,,,,5,0,MAC450
606,LINEAR ALGEBRA,C,3.0-0.0-0.0,,ANIKA DIVAN,guptamadhav@maths.iitd.ac.in,TWF 08:00-09:00,,,50,29,MAL860
607,ANALYSIS,E,3.0-0.0-0.0,,ARADHYA BAWA,ambleshaan@maths.iitd.ac.in,TWF 10:00-11:00,,,50,8,MAL874
608,PRACTICAL TRAINING,P,0.0-0.0-0.0,,PARI BALA,mishti50@maths.iitd.ac.in,,,,5,0,MAT450
609,PROJECT I,X,0.0-0.0-10.0,,JAYANT DOCTOR,avenkataraman@maths.iitd.ac.in,,,,75,49,MTD701
610,MAJOR PROJECT PARTI,P,0.0-0.0-12.0,,NEHMAT BATTA,hridaan55@maths.iitd.ac.in,,,,60,1,MTD851
611,MAJOR PROJECT PARTII,P,0.0-0.0-24.0,,NEHMAT BATTA,hridaan55@maths.iitd.ac.in,,,,60,2,MTD852
612,MAJOR PROJECT PART-I,P,0.0-0.0-8.0,,NEHMAT BATTA,hridaan55@maths.iitd.ac.in,,,,60,24,MTD853
613,MAJOR PROJECT PART-II,P,0.0-0.0-36.0,,NEHMAT BATTA,hridaan55@maths.iitd.ac.in,,,,60,0,MTD854
614,CALCULUS,D,3.0-1.0-0.0,,ANVI KAR,jayantwali@maths.iitd.ac.in,TWF 09:00-10:00,MTThF 14:00-15:00,,500,571,MTL100
615,LINEAR ALGEBRA & DIFFE. EQUA.,D,3.0-1.0-0.0,,SEHER SABHARWAL,elakshisingh@maths.iitd.ac.in,TWF 09:00-10:00,MTThF 14:00-15:00,,600,592,MTL101
616,LINEAR ALGEBRA & APPLICATIONS,D,3.0-0.0-0.0,,KABIR SUNDER,sagarstuvan@maths.iitd.ac.in,TWF 09:00-10:00,,,150,140,MTL104
617,ALGEBRA,B,3.0-0.0-0.0,,RHEA GHOSH,vihaanraja@maths.iitd.ac.in,MTh 09:30-11:00,,,125,29,MTL105
618,PROBABILITY & STOCHASTIC PRO.,D,3.0-1.0-0.0,,NEHMAT BATTA,hridaan55@maths.iitd.ac.in,TWF 09:00-10:00,MTThF 14:00-15:00,,230,233,MTL106
619,NUMERICAL METHOD S& COMPUTATION,H,3.0-0.0-0.0,,PRIYANSH SAWHNEY,alia11@maths.iitd.ac.in,M 11:00-12:00,,,225,257,MTL107
620,DISCRETE MATHEMATICAL STRUC.,B,3.0-1.0-0.0,,AARUSH DATE,bahririaan@maths.iitd.ac.in,MTh 09:30-11:00,,,100,106,MTL180
621,ANALYSIS & DESIGN OF ALGORITHMS,F,3.0-1.0-0.0,,DIVIT VASA,nirvaan21@maths.iitd.ac.in,TThF 11:00-12:00,MTThF 13:00-14:00,,60,50,MTL342
622,OPERATING SYSTEMS,K,3.0-0.0-2.0,,AARUSH DATE,bahririaan@maths.iitd.ac.in,"W 12:00-13:00 ,TF 17:00-18:00",,,75,61,MTL458
623,ALGEBRA,H,3.0-1.0-0.0,,PARI UPPAL,chaudhariyuvaan@maths.iitd.ac.in,M 11:00-12:00,W 11:00-12:00,,75,62,MTL501
624,LINEAR ALGEBRA,C,3.0-1.0-0.0,,AMANI DHAWAN,dharmajanganesh@maths.iitd.ac.in,TWF 08:00-09:00,,,75,55,MTL502
625,REAL ANALYSIS,AB,3.0-1.0-0.0,,AAINA BADAL,mamooty42@maths.iitd.ac.in,MTh 15:30-17:00,,,75,58,MTL503
626,ORDINARY DIFFERENTIAL EQUATION,M,3.0-1.0-0.0,,JAYANT DOCTOR,avenkataraman@maths.iitd.ac.in,MTh 17:00-18:30,,,75,53,MTL504
627,COMPUTER PROGRAMMING,E,3.0-1.0-0.0,,TRISHA SULE,takfarhan@maths.iitd.ac.in,TWF 10:00-11:00,MTThF 13:00-14:00,,75,53,MTL505
628,PROBABILITY AND STATISTICS,B,3.0-1.0-0.0,,ONKAR KADE,tiyalall@maths.iitd.ac.in,MTh 09:30-11:00,,,75,49,MTL601
629,FUNCTIONAL ANALYSIS,C,3.0-1.0-0.0,,ARADHYA BAWA,ambleshaan@maths.iitd.ac.in,TWF 08:00-09:00,,,75,47,MTL602
630,PARTIAL DIFFERENTIAL EQUATIONS,J,3.0-1.0-0.0,,NIRVAAN KAUL,kiaangara@maths.iitd.ac.in,MTF 12:00-13:00,,,75,50,MTL603
631,NUMERICAL OPTIMIZATION,B,3.0-0.0-0.0,,TARA VASA,amira14@maths.iitd.ac.in,MTh 09:30-11:00,,,75,28,MTL704
632,COMP. METHODS FOR DIFFER. EQU.,J,3.0-0.0-2.0,,DISHANI KUNDA,cherianseher@cbme.iitd.ac.in,MTF 12:00-13:00,,,75,72,MTL712
633,FUZZY SETS AND APPLICATIONS,AD,3.0-0.0-0.0,,DIVIT VASA,nirvaan21@maths.iitd.ac.in,TF 15:30-17:00,,,40,38,MTL717
634,INTRO. TO CHAOTIC DYNAM. SYST.,H,3.0-0.0-0.0,,DRISHYA JOHAL,divitthakur@maths.iitd.ac.in,M 11:00-12:00,,,50,3,MTL731
635,REPRESENTATION OF FINITE GROUP,F,3.0-0.0-0.0,,AMANI DHAWAN,dharmajanganesh@maths.iitd.ac.in,TThF 11:00-12:00,,,75,63,MTL739
636,INTRO. TO ALGEBRAIC TOPOLOGY,M,3.0-0.0-0.0,,ARADHYA REDDY,ikhalsa@maths.iitd.ac.in,MTh 17:00-18:30,,,50,27,MTL757
637,INTRODUCTION TO GAME THEORY,AA,3.0-0.0-0.0,,ONKAR KADE,tiyalall@maths.iitd.ac.in,MTh 14:00-15:30,,,54,50,MTL763
638,MULTIVARIATE STATISTICAL METH.,AB,3.0-0.0-0.0,,TARA VASA,amira14@maths.iitd.ac.in,MTh 15:30-17:00,,,50,36,MTL766
639,WAVELETS AND APPLICATIONS,AC,3.0-0.0-0.0,,TRISHA SULE,takfarhan@maths.iitd.ac.in,TF 14:00-15:30,,,50,4,MTL773
640,FINITE ELEMENT THEORY & APPLI.,AA,3.0-0.0-0.0,,UMANG SHA,ehsaanchahal@maths.iitd.ac.in,MTh 14:00-15:30,,,50,35,MTL781
641,THEORY OF COMPUTATION,A,3.0-0.0-0.0,,ADVIKA DUTTA,shanayasekhon@maths.iitd.ernet.in,MTh 08:00-09:30,,,75,0,MTL783
642,INTRO TO MATHEMATICS & COMPUTING,X,0.0-0.0-2.0,,PARI UPPAL,chaudhariyuvaan@maths.iitd.ac.in,,,,100,69,MTN101
643,ROBOTICS TECHNOLOGY,X,3.0-0.0-2.0,,JHANVI GROVER,ysalvi@ee.iitd.ac.in,,,,30,19,JRL302
644,B.TECH.PROJECT,P,0.0-0.0-8.0,,DISHANI RAY,drishyawali@mech.iitd.ernet.in,,,,120,117,MCD411
645,B.TECH.PROJECT - II,P,0.0-0.0-14.0,,DISHANI RAY,drishyawali@mech.iitd.ernet.in,,,,30,1,MCD412
646,MAJOR PROJECT PART I (THERMAL ENGINEERING),P,0.0-0.0-16.0,,DAMINI GHOSH,aradhyabawa@mech.iitd.ac.in,,,,30,23,MCD811
647,MAJOR PROJECT PART-I,P,0.0-0.0-12.0,,IVANA VOHRA,xmadan@mech.iitd.ac.in,,,,60,23,MCD831
648,M TECH. PROJECT PART-I,P,0.0-0.0-24.0,,INAAYA  RASTOGI,behlmannat@mech.iitd.ac.in,,,,30,6,MCD861
649,MAJOR PROJECT PART-II,X,0.0-0.0-24.0,,INAAYA  RASTOGI,behlmannat@mech.iitd.ac.in,,,,5,0,MCD862
650,MAJOR PROJECT PART-1,P,0.0-0.0-12.0,,UTHKARSH DESHMUKH,parinaazrout@mech.iitd.ac.in,,,,30,16,MCD881
651,MAJOR PROJECT (MSR),P,0.0-0.0-72.0,,HRISHITA SANI,zaraiyengar@mech.iitd.ac.in,,,,60,4,MCD895
652,KINEMATICS & DY. OF MACHINES,B,3.0-0.0-2.0,,YUVRAJ  RATTA,yashvitalwar@mech.iitd.ac.in,MTh 09:30-11:00,,,150,156,MCL111
653,METROLOGY & QUALITY ASSURANCE,B,3.0-0.0-1.0,,BHAVIN KEER,yasmin48@mech.iitd.ac.in,MTh 09:30-11:00,,,100,65,MCL134
654,WELDING AND ALLIED PROCESSES,F,3.0-0.0-0.0,,DISHANI RAY,drishyawali@mech.iitd.ernet.in,TThF 11:00-12:00,,,100,58,MCL135
655,ENGINEERING THERMODYNAMICS,C,3.0-1.0-0.0,,PRANAY VERMA,rattandivyansh@mech.iitd.ac.in,TWF 08:00-09:00,,,100,82,MCL140
656,THERMAL SC. FOR MANUFACTURING,F,3.0-1.0-0.0,,ROMIL SHUKLA,jivin37@mech.iitd.ac.in,TThF 11:00-12:00,MTThF 13:00-14:00,,100,73,MCL141
657,DESIGN OF MACHINES,C,3.0-0.0-2.0,,SARA JANI,kchakraborty@mech.iitd.ac.in,TWF 08:00-09:00,,,160,129,MCL211
658,MANUFACTURING PROCESSES II,F,3.0-0.0-0.0,,PRISHA CHHABRA,wkadakia@mech.iitd.ac.in,TThF 11:00-12:00,,,100,65,MCL231
659,HEAT AND MASS TRANSFER,B,3.0-1.0-0.0,,IVAN DARA,siyabhatti@mech.iitd.ac.in,MTh 09:30-11:00,,,100,74,MCL242
660,INTRO TO OPERATIONS RESEARCH,E,3.0-0.0-0.0,,INAAYA  RASTOGI,behlmannat@mech.iitd.ac.in,TWF 10:00-11:00,,,120,124,MCL261
661,STOCHASTIC MODELLING & SIMULA.,A,3.0-0.0-0.0,,NEYSA KURIAN,gokulbhavsar@mech.iitd.ac.in,MTh 08:00-09:30,,,80,56,MCL262
662,ACOUSTICS AND NOISE CONTROL,A,3.0-0.0-2.0,,NITYA KOTHARI,dassrohan@mech.iitd.ernet.in,MTh 08:00-09:30,,,100,23,MCL314
663,VIBRATION ENGINEERING,E,3.0-0.0-2.0,,SANA BASU,prisha71@mech.iitd.ernet.in,TWF 10:00-11:00,,,160,16,MCL316
664,POWER TRAIN DESIGN,B,3.0-0.0-0.0,,ARNAV KRISH,charvi24@mech.iitd.ac.in,MTh 09:30-11:00,,,60,16,MCL322
665,GAS DYNAMICS AND PROPULSION,C,3.0-0.0-2.0,,DAMINI GHOSH,aradhyabawa@mech.iitd.ac.in,TWF 08:00-09:00,,,35,24,MCL341
666,RECIPROCATING INTERN. COM. EN.,B,3.0-0.0-2.0,,NEELOFAR BUTALA,zmani@mech.iitd.ac.in,MTh 09:30-11:00,,,100,23,MCL345
667,CAM AND AUTOMATION,D,2.0-0.0-2.0,,UTHKARSH DESHMUKH,parinaazrout@mech.iitd.ac.in,TWF 09:00-10:00,,,100,144,MCL431
668,MODELLING & EXP. IN HEAT TRAN.,X,2.0-0.0-4.0,,TARA AMBLE,nityadubey@mech.iitd.ac.in,,,,100,0,MCL441
669,THERMOFLUID ANALYSIS OF BIOSY.,H,3.0-0.0-0.0,,DISHANI DALAL,yapte@mech.iitd.ac.in,M 11:00-12:00,,,100,41,MCL442
670,ADVANCED THERMODYNAMICS,C,3.0-0.0-0.0,,DAMINI GOSWAMI,krish93@mech.iitd.ernet.in,TWF 08:00-09:00,,,100,41,MCL701
671,ADVANCED FLUID MECHANICS,A,3.0-0.0-0.0,,ADIRA GOLE,chaudharyjayant@mech.iitd.ac.in,MTh 08:00-09:30,,,100,43,MCL702
672,ADVANCED HEAT AND MASS TRANSFE,F,3.0-0.0-0.0,,BHAVIN BHAT,nsunder@mech.iitd.ac.in,TThF 11:00-12:00,,,100,44,MCL703
673,APPLIED MATHEMATICS FOR THERMO,B,3.0-0.0-0.0,,ADAH WALIA,geraveer@mech.iitd.ac.in,MTh 09:30-11:00,,,100,42,MCL704
674,NANOMECHANICS,A,2.0-0.0-2.0,,JHANVI BIR,hbhatt@mech.iitd.ac.in,MTh 08:00-09:30,,,40,17,MCL729
675,ANALYTICAL DYNAMICS,B,3.0-0.0-0.0,,ANIKA WASON,rajtarini@mech.iitd.ac.in,MTh 09:30-11:00,,,60,47,MCL731
676,CAD & FINITE ELEMENT ANALYSIS,D,3.0-0.0-2.0,,INDRANIL WASON,aniruddhjani@mech.iitd.ac.in,TWF 09:00-10:00,,,60,50,MCL735
677,LUBRICATION,E,3.0-0.0-0.0,,IVANA VOHRA,xmadan@mech.iitd.ac.in,TWF 10:00-11:00,,,60,19,MCL740
678,DESIGN & OPTIMIZATION,E,3.0-0.0-2.0,,HRISHITA SANI,zaraiyengar@mech.iitd.ac.in,TWF 10:00-11:00,,,60,49,MCL742
679,INDUSTRIAL ENGINEERING SYSTEMS,M,1.0-0.0-4.0,,AAINA CHERIAN,dishani61@mech.iitd.ac.in,MTh 17:00-18:30,,,20,19,MCL751
680,SUPPLY CHAIN MANAGEMENT,K,3.0-0.0-0.0,,INAAYA  RASTOGI,behlmannat@mech.iitd.ac.in,"W 12:00-13:00 ,TF 17:00-18:00",,,40,39,MCL756
681,PROBABILITY AND STATISTICS,B,3.0-0.0-0.0,,NEYSA KURIAN,gokulbhavsar@mech.iitd.ac.in,MTh 09:30-11:00,,,20,25,MCL761
682,OPERATIONS RESEARCH,J,3.0-0.0-0.0,,DAMINI GOSWAMI,krish93@mech.iitd.ernet.in,MTF 12:00-13:00,,,100,24,MCL765
683,METAL FORMING ANALYSIS,D,3.0-0.0-2.0,,BIJU KADE,ishaanluthra@mech.iitd.ac.in,TWF 09:00-10:00,,,30,21,MCL769
684,MACHINING PROCESSES AND ANALYS,E,3.0-0.0-2.0,,BHAVIN KEER,yasmin48@mech.iitd.ac.in,TWF 10:00-11:00,,,100,21,MCL781
685,WELDING SCIENCE AND TECHNOLOGY,C,3.0-0.0-2.0,,DISHANI RAY,drishyawali@mech.iitd.ernet.in,TWF 08:00-09:00,,,100,24,MCL787
686,PROCESSING AND MECHANICS OF CO,A,3.0-0.0-2.0,,IRA BALASUBRAMANIAN,kalaarhaan@mech.iitd.ac.in,MTh 08:00-09:30,,,100,20,MCL791
687,ADDITIVE MANUFACTURING,B,3.0-0.0-2.0,,NIRVI SOOD,reneesahota@mech.iitd.ac.in,MTh 09:30-11:00,,,100,20,MCL796
688,ADVANCED POWER GENERATION SYSTEMS,J,3.0-0.0-0.0,,ADAH WALIA,geraveer@mech.iitd.ac.in,MTF 12:00-13:00,,,60,19,MCL811
689,COMBUSTION,D,3.0-0.0-0.0,,ROHAN CHACKO,darshit70@mech.iitd.ac.in,TWF 09:00-10:00,,,100,12,MCL812
690,GAS DYNAMICS,H,3.0-0.0-2.0,,BAIJU SHUKLA,aayushgoyal@mech.iitd.ac.in,M 11:00-12:00,,,100,16,MCL816
691,LATTICE BOLTZMANN METHOD,E,3.0-0.0-0.0,,ADIRA GOLE,chaudharyjayant@mech.iitd.ac.in,TWF 10:00-11:00,,,15,13,MCL819
692,ADVANCED MECHANISMS,A,2.0-0.0-2.0,,LAKSHIT BALAN,subramaniamnavya@mech.iitd.ac.in,MTh 08:00-09:30,,,40,7,MCL837
693,ROTOR DYNAMICS,C,3.0-0.0-2.0,,SANA BASU,prisha71@mech.iitd.ernet.in,TWF 08:00-09:00,,,25,5,MCL838
694,EXPERIMENTAL MODAL ANALYSIS AND DYNAMIC DESIGN,D,2.0-0.0-2.0,,NITYA KOTHARI,dassrohan@mech.iitd.ernet.in,TWF 09:00-10:00,,,40,22,MCL840
695,INTRODUCTION TO MECHANICAL ENG,P,0.0-0.0-2.0,,SHAAN SANGHA,lbhardwaj@mech.iitd.ac.in,,,,85,85,MCN101
696,INTRO. TO INDUSTRIAL & PRODUCT,P,0.0-0.0-2.0,,NIRVI SOOD,reneesahota@mech.iitd.ac.in,,,,100,68,MCN111
697,ENGG. VISUALIZATION & COMM.,P,0.0-0.0-3.0,,RITVIK SUNDER,thakerjayan@mech.iitd.ac.in,,,,600,573,MCP100
698,Product Realization through Manufacturing,A,0.0-0.0-4.0,,HAZEL CHEEMA,danipari@design.iitd.ac.in,,,,100,562,MCP101
699,MANUFACTURING LABORATORY I,E,0.0-0.0-2.0,,RAGHAV KEER,vidurrana@mech.iitd.ac.in,,,,100,63,MCP231
700,PRODUCTION ENGINEERING LAB I,F,0.0-0.0-2.0,,BIJU KADE,ishaanluthra@mech.iitd.ac.in,,,,100,56,MCP232
701,INDUSTRIAL ENGINEERING LAB- II,C,0.0-0.0-2.0,,INAAYA  RASTOGI,behlmannat@mech.iitd.ac.in,,,,70,58,MCP361
702,MECHANICAL ENGINEERING LAB -II,P,0.0-0.0-4.0,,DAMINI GOSWAMI,krish93@mech.iitd.ernet.in,,,,160,76,MCP401
703,SEMINAR COURSE - I,P,0.0-0.0-2.0,,PURAB DEY,amani43@mech.iitd.ac.in,,,,25,25,MCQ301
704,SEMINAR COURSE - II,P,0.0-0.0-2.0,,SHAAN SANGHA,lbhardwaj@mech.iitd.ac.in,,,,30,30,MCQ302
705,SEMINAR COURSE - III,P,0.0-0.0-2.0,,IRA BALASUBRAMANIAN,kalaarhaan@mech.iitd.ac.in,,,,30,29,MCQ303
706,SPECIAL MODULE IN SYSTEM DESIGN,P,1.0-0.0-0.0,,INDRANIL WASON,aniruddhjani@mech.iitd.ac.in,,,,20,21,MCV849
707,SPECIAL MODULE IN SYSTEM DESIGN,L,1.0-0.0-0.0,,IVAN DARA,siyabhatti@mech.iitd.ac.in,"W 13:00-14:00 ,TF 18:00-19:00",,,30,1,MCV849
708,MAJOR PROJECT PART-I,P,0.0-0.0-12.0,,INAAYA  RASTOGI,behlmannat@mech.iitd.ac.in,,,,30,0,MED861
709,HUMAN VALUES AND TECHNOLOGY,M,2.0-1.0-0.0,,DAMINI GOSWAMI,krish93@mech.iitd.ernet.in,MTh 17:00-18:30,,,60,33,VEL700
710,MAJOR PROJECT PART-I,P,0.0-0.0-12.0,,VIDUR KAUL,dhanushkoshy@physics.iitd.ac.in,,,,60,23,JOD801
711,MAJOR PROJECT PART-II,P,0.0-0.0-24.0,,VIDUR KAUL,dhanushkoshy@physics.iitd.ac.in,,,,60,0,JOD802
712,MINOR DESIGN PROJECT - I,P,0.0-0.0-2.0,,ANAHITA TRIPATHI,waglepihu@physics.iitd.ac.in,,,,60,2,PYD351
713,MINOR DESIGN PROJECT - II,P,0.0-0.0-2.0,,ANAHITA TRIPATHI,waglepihu@physics.iitd.ac.in,,,,60,0,PYD352
714,MINOR DESIGN PROJECT - VI,P,0.0-0.0-4.0,,ANAHITA TRIPATHI,waglepihu@physics.iitd.ac.in,,,,60,0,PYD356
715,MINOR DESIGN PROJECT - VII,P,0.0-0.0-4.0,,ANAHITA TRIPATHI,waglepihu@physics.iitd.ac.in,,,,60,0,PYD357
716,PROJECT-I,P,0.0-0.0-8.0,,SAMAR LOYAL,mehul66@physics.iitd.ac.in,,,,60,47,PYD411
717,MAJOR PROJECT PART II,P,0.0-0.0-16.0,,SAMAR LOYAL,mehul66@physics.iitd.ac.in,,,,60,2,PYD412
718,PROJECT III,P,0.0-0.0-8.0,,SAMAR LOYAL,mehul66@physics.iitd.ac.in,,,,60,0,PYD414
719,PROJECT I,P,0.0-0.0-6.0,,ISHITA CHAUDRY,seherbassi@physics.iitd.ac.in,,,,60,49,PYD561
720,PROJECT II,P,0.0-0.0-12.0,,ISHITA CHAUDRY,seherbassi@physics.iitd.ac.in,,,,60,0,PYD562
721,MAJOR PROJECT PART-I,P,0.0-0.0-12.0,,ANAHITA TRIPATHI,waglepihu@physics.iitd.ac.in,,,,60,19,PYD801
722,MAJOR PROJECT PART-I,P,0.0-0.0-12.0,,SHRAY BORAH,ichaudhry@physics.iitd.ac.in,,,,60,15,PYD851
723,PRINCIPLES OF ELECT. MATERIALS,H,3.0-0.0-0.0,,VRITIKA SEKHON,ahluwaliakabir@physics.iitd.ac.in,M 11:00-12:00,,,200,222,PYL102
724,MATHEMATICAL PHYSICS,D,3.0-1.0-0.0,,MISHA SARAF,tellaanvi@physcis.iitd.ac.in,TWF 09:00-10:00,MTThF 14:00-15:00,,150,72,PYL113
725,APPLIED OPTICS,B,3.0-1.0-0.0,,ROMIL LANKA,veer72@physics.iitd.ac.in,MTh 09:30-11:00,,,150,67,PYL115
726,ELEMENTS OF MATERIALS PROCEG,B,3.0-1.0-0.0,,NAYANTARA DIXIT,sanabora@physics.iitd.ac.in,MTh 09:30-11:00,,,150,46,PYL116
727,FUNDAM. OF DIELECTRICS & SEMI.,C,3.0-1.0-0.0,,ISHITA CHAUDRY,seherbassi@physics.iitd.ac.in,TWF 08:00-09:00,,,150,67,PYL201
728,CLASSICAL MECHANICS & RELATIV.,E,3.0-1.0-0.0,,SAMIHA VIRK,fthaman@physics.iitd.ac.in,TWF 10:00-11:00,MTThF 13:00-14:00,,150,76,PYL203
729,FOURIER OPTICS & HOLOGRAPHY,E,3.0-0.0-0.0,,DAMINI SHENOY,chirag50@physics.iitd.ac.in,TWF 10:00-11:00,,,90,35,PYL313
730,APPLIED QUANTUM MECHANICS,X,3.0-0.0-0.0,,DIVYANSH KRISH,shaanbhatia@physics.iitd.ac.in,,,,30,24,PYL331
731,QUANTUM ELECTRONICS,K,3.0-0.0-0.0,,MANNAT SATHE,shanayasaxena@ee.iitd.ac.in,"W 12:00-13:00 ,TF 17:00-18:00",,,90,13,PYL411
732,NANOSCALE ENERGY MATER. & DEV.,D,3.0-0.0-0.0,,SUHANA CHAUDHURI,singhalpiya@physics.iitd.ernet.in,TWF 09:00-10:00,,,90,19,PYL423
733,RELATIVISTIC QUANTUM MECHANICS,M,2.0-0.0-0.0,,TARA VARKEY,mbhargava@physics.iitd.ac.in,MTh 17:00-18:30,,,90,8,PYL431
734,INTRO. TO GAUGE FIELD THEORIES,J,2.0-0.0-0.0,,DIVYANSH KRISH,shaanbhatia@physics.iitd.ac.in,MTF 12:00-13:00,,,90,13,PYL433
735,CLASSICAL MECHANICS,A,3.0-1.0-0.0,,TANYA UPPAL,rbali@physics.iitd.ac.in,MTh 08:00-09:30,MTThF 13:00-14:00,,60,53,PYL551
736,MATHEMATICAL PHYSICS,H,3.0-1.0-0.0,,AARAV MANNAN,ogola@physics.iitd.ac.in,M 11:00-12:00,W 11:00-12:00,,60,54,PYL553
737,QUANTUM MECHANICS I,F,3.0-1.0-0.0,,YASHVI SETTY,jaggisamiha@physics.iitd.ac.in,TThF 11:00-12:00,MTThF 13:00-14:00,,60,59,PYL555
738,ELECTRONICS,E,3.0-1.0-0.0,,RITVIK DHAWAN,wsuri@physics.iitd.ac.in,TWF 10:00-11:00,MTThF 13:00-14:00,,60,54,PYL557
739,ATOMIC AND MOLECULAR PHYSICS,K,3.0-0.0-0.0,,TARINI BAHL,kairaramakrishnan@physics.iitd.ac.in,"W 12:00-13:00 ,TF 17:00-18:00",,,60,49,PYL567
740,NUCLEAR AND PARTICLE PHYSICS,H,3.0-0.0-0.0,,ELAKSHI DUGAR,mbora@physics.iitd.ernet.in,M 11:00-12:00,,,60,49,PYL569
741,FIBER AND INTEGRATED OPTICS,E,3.0-0.0-0.0,,VIDUR KAUL,dhanushkoshy@physics.iitd.ac.in,TWF 10:00-11:00,,,60,3,PYL650
742,LASER PHYSICS,F,3.0-0.0-0.0,,HUNAR SARNA,saksham40@physics.iitd.ac.in,TThF 11:00-12:00,,,60,7,PYL655
743,PLASMA PHYSICS,M,3.0-0.0-0.0,,BIJU AGGARWAL,bbatra@physics.iitd.ac.in,MTh 17:00-18:30,,,60,33,PYL657
744,PHYSICAL FOUNDATIONS OF MATERI,F,3.0-0.0-0.0,,HAZEL SACHDEV,vivaan51@physics.iitd.ernet.in,TThF 11:00-12:00,,,90,34,PYL701
745,PHYSICS OF SEMICONDUCTOR DEVIC,D,3.0-0.0-0.0,,AZAD DEEP,malhotrajayant@physics.iitd.ac.in,TWF 09:00-10:00,,,60,25,PYL702
746,ELECTRONIC PROPERTIES OF MATER,E,3.0-0.0-0.0,,SAMAR LOYAL,mehul66@physics.iitd.ac.in,TWF 10:00-11:00,,,60,38,PYL703
747,CHARACTERISATION TEC. FOR MAT.,C,3.0-0.0-0.0,,PRERAK DIN,somanurvi@physics.iitd.ac.in,TWF 08:00-09:00,,,100,68,PYL707
748,VACUUM SCIENCE AND CRYOGENICS,H,3.0-0.0-0.0,,MADHAV VARKEY,grewalaniruddh@physics.iitd.ac.in,M 11:00-12:00,,,60,27,PYL723
749,ADVANCES IN SPINTRONICS,L,3.0-0.0-0.0,,ANAHITA TRIPATHI,waglepihu@physics.iitd.ac.in,"W 13:00-15:00 ,TF 18:00-19:00",,,60,12,PYL724
750,COMP. TE. FOR SOLID STATE MAT.,M,3.0-0.0-0.0,,JAYANT COMAR,dubeysahil@physics.iitd.ac.in,MTh 17:00-18:30,,,60,14,PYL739
751,ADVAN. CONDENSED MATTER THEORY,A,3.0-0.0-0.0,,TARA VARKEY,mbhargava@physics.iitd.ac.in,MTh 08:00-09:30,,,60,9,PYL740
752,FIELD THEORY & QUANTUM ELECTR.,J,3.0-0.0-0.0,,ELAKSHI SACHAR,ryandubey@physics.iitd.ac.in,MTF 12:00-13:00,,,60,26,PYL741
753,ADVANCED STATISTICAL MECHANICS,D,3.0-0.0-0.0,,ARADHYA RAJU,dyalstuvan@physics.iitd.ac.in,TWF 09:00-10:00,,,60,16,PYL745
754,QUANTUM INFORMATION & COMPUTA.,B,3.0-0.0-0.0,,NEHMAT KUNDA,janitara@physics.iitd.ac.in,MTh 09:30-11:00,,,60,39,PYL749
755,"OPTICAL SOURCES, PHOTOMETRY AN",K,3.0-0.0-0.0,,VIDUR WABLE,mbasak@physics.iitd.ac.in,"W 12:00-13:00 ,TF 17:00-18:00",,,60,26,PYL751
756,OPTICAL SYSTEMS DESIGN,H,3.0-0.0-0.0,,AMANI HAYRE,vedika16@physics.iitd.ac.in,M 11:00-12:00,,,60,23,PYL753
757,BASIC OPTICS AND OPTICAL INSTR,F,3.0-0.0-0.0,,HRIDAAN KRISHNAN,lagandyal@iddc.iitd.ac.in,TThF 11:00-12:00,,,60,58,PYL755
758,GREEN PHOTONICS,M,3.0-0.0-0.0,,MYRA VALA,aayush21@physics.iitd.ernet.in,MTh 17:00-18:30,,,60,14,PYL771
759,FIBER OPTICS,E,3.0-0.0-0.0,,AAINA ISSAC,nirvaanmani@opc.iitd.ac.in,TWF 10:00-11:00,,,60,34,PYL791
760,PHOTONIC DEVICES,D,3.0-0.0-0.0,,LAKSHAY SUNDER,qbiswas@physics.iitd.ac.in,TWF 09:00-10:00,,,60,38,PYL793
761,OPTICS AND LASERS,J,3.0-0.0-0.0,,EMIR MAGAR,chandrapiya@physics.iitd.ernet.in,MTF 12:00-13:00,,,60,52,PYL795
762,NUM. & COMP. METH. IN RESEARCH,E,3.0-0.0-0.0,,ARADHYA MALHOTRA,kbarman@physics.iitd.ac.in,TWF 10:00-11:00,,,60,41,PYL800
763,ADVANCED HOLOGRAPHIC TECHNIQUES,L,3.0-0.0-0.0,,SHRAY BORAH,ichaudhry@physics.iitd.ac.in,"W 13:00-15:00 ,TF 18:00-19:00",,,60,7,PYL858
764,INTRO. TO ENGINEERING PHYSICS,P,0.0-0.0-2.0,,ROMIL LANKA,veer72@physics.iitd.ac.in,,,,65,61,PYN101
765,PHYSICS LABORATORY,P,0.0-0.0-4.0,,YASHVI CHADA,ojas80@physics.iitd.ernet.in,,,,250,566,PYP100
766,ENGINEERING PHYSICS LAB-I,P,0.0-0.0-6.0,,DRISHYA BRAHMBHATT,gdate@physics.iitd.ac.in,,,,70,63,PYP111
767,ENGINEERING PHYSICS LAB III,P,0.0-0.0-8.0,,MYRA VALA,aayush21@physics.iitd.ernet.in,,,,70,51,PYP221
768,LABORATORY I,P,0.0-0.0-8.0,,SAMAR LOYAL,mehul66@physics.iitd.ac.in,,,,60,53,PYP561
769,ADVANCED LABORATORY,P,0.0-0.0-8.0,,SAMAR LOYAL,mehul66@physics.iitd.ac.in,,,,60,49,PYP563
770,SOLID STATE MATERIALS LABORATO,P,0.0-0.0-6.0,,NAYANTARA DIXIT,sanabora@physics.iitd.ac.in,,,,30,14,PYP701
771,OPTICAL FABRICATION AND METROL,P,0.0-0.0-6.0,,HRISHITA DEVAN,vdani@iddc.iitd.ac.in,,,,30,27,PYP761
772,COMPUTATIONAL OPTICS LABORATORY,P,0.0-0.0-6.0,,AAYUSH HEGDE,klanka@physics.iitd.ac.in,,,,30,0,PYP763
773,SEMINAR COURSE - I,P,0.0-0.0-2.0,,RATI ZACHARIA,ghoshfaiyaz@physics.iitd.ac.in,,,,40,39,PYQ301
774,SEMINAR COURSE - II,P,0.0-0.0-2.0,,RAGHAV SHUKLA,abarad@physics.iitd.ac.in,,,,40,26,PYQ302
775,SEMINAR COURSE - III,P,0.0-0.0-2.0,,DRISHYA BRAHMBHATT,gdate@physics.iitd.ac.in,,,,40,24,PYQ303
776,INDEPENDENT STUDY,P,0.0-3.0-0.0,,HAZEL SACHDEV,vivaan51@physics.iitd.ernet.in,,,,100,5,PYS300
777,SPL. TOPICS IN THEORETICAL PH.,P,1.0-0.0-0.0,,DIVYANSH KRISH,shaanbhatia@physics.iitd.ac.in,,,,60,10,PYV439
778,GRADUATE STUDENT RESEARCH SEMINAR,P,0.0-0.0-2.0,,OORJA BRAHMBHATT,nehmatbarad@bioschool.iitd.ac.in,,,,30,27,SBC795
779,MINI PROJECT,P,0.0-0.0-6.0,,EMIR KADAKIA,lakshit50@bioschool.iitd.ac.in,,,,10,3,SBD301
780,MS RESEARCH PROJECT,P,0.0-0.0-72.0,,MISHTI DESAI,srinivasantarini@bioschool.iitd.ac.in,,,,30,1,SBD895
781,INTRO. TO BIOLOGY FOR ENGINEER,C,3.0-0.0-2.0,,LAVANYA VARGHESE,balaydhruv@bioschool.iitd.ac.in,TWF 08:00-09:00,,,550,449,SBL100
782,SYSTEMS BIOLOGY,D,3.0-0.0-0.0,,TIYA JHA,pjayaraman@bioschool.iitd.ac.in,TWF 09:00-10:00,,,50,7,SBL702
783,EPIGENETICS IN HUMAN HEALTH AND DISEASE,E,3.0-0.0-0.0,,AKARSH BOASE,zaina05@bioschool.iitd.ac.in,TWF 10:00-11:00,,,50,23,SBL708
784,CHEMICAL BIOLOGY,B,3.0-0.0-0.0,,ONKAR RAU,suraivana@bioschool.iitd.ac.in,MTh 09:30-11:00,,,60,24,SBL710
785,INTRO. TO STRUCTURAL BIOLOGY,F,3.0-0.0-0.0,,INAAYA  BAKSHI,loyalakarsh@bioschool.iitd.ac.in,TThF 11:00-12:00,,,60,30,SBL713
786,INTRODUCTION TO PRACTICAL MODERN BIOLOGY,P,0.0-0.0-4.0,,JAYAN CHANDRA,anayjhaveri@bioschool.iitd.ac.in,,,,30,1,SBP200
787,INDEPENDENT STUDY,P,0.0-3.0-0.0,,KABIR CHAWLA,hirankhatri@bioschool.iitd.ac.in,,,,10,2,SBS800
788,BIOLOGICAL MEMBRANES,K,1.0-0.0-0.0,,JAYAN CHANDRA,anayjhaveri@bioschool.iitd.ac.in,"W 12:00-13:00 ,TF 17:00-18:00",,,50,8,SBV882
789,CURRENT TOPICS IN COMPUTATIONAL BIOLOGY,M,1.0-0.0-0.0,,JAYAN CHANDRA,anayjhaveri@bioschool.iitd.ac.in,MTh 17:00-18:30,,,50,11,SBV887
790,VIRUS-HOST INTERACTIONS,J,1.0-0.0-0.0,,INAAYA  BAKSHI,loyalakarsh@bioschool.iitd.ac.in,MTF 12:00-13:00,,,50,4,SBV891
791,CURRENT  TOPICS IN ION CHANNELS AND RECEPTORS,C,1.0-0.0-0.0,,MISHTI DESAI,srinivasantarini@bioschool.iitd.ac.in,TWF 08:00-09:00,,,50,5,SBV892
792,CURRENT  TOPICS IN ION CHANNELS AND RECEPTORS,X,1.0-0.0-0.0,,MISHTI DESAI,srinivasantarini@bioschool.iitd.ac.in,,,,60,0,SBV892
793,MAJOR PROJECT (MSR),P,0.0-0.0-72.0,,DARSHIT BATRA,jbarman@ee.iitd.ac.in,,,,60,3,BSD895
794,MINOR PROJECT IN INFORMATION TECHNOLOGY,P,0.0-0.0-6.0,,LAKSHIT HANDA,heergolla@cse.iitd.ac.in,,,,30,2,SID880
795,MS RESEARCH PROJECT,P,0.0-0.0-72.0,,LAKSHIT HANDA,heergolla@cse.iitd.ac.in,,,,40,4,SID890
796,SPECIAL MODULE ON MEDIA PROCESSING & COMMUNICATION,P,1.0-0.0-0.0,,INDRANS KANT,tellajayant@cse.iitd.ac.in,,,,40,10,SIV864
797,ELECTROMAGNETIC WAVES & QUA.MEC.,A,3.0-0.0-0.0,,INDRANS CHAUHAN,duppal@physics.iitd.ac.in,MTh 08:00-09:30,,,500,592,PYL100
798,MINI PROJECT,P,0.0-0.0-6.0,,KABIR BUCH,nakul69@textile.iitd.ac.in,,,,30,0,TXD301
799,MINOR DESIGN PROJECT - I,P,0.0-0.0-2.0,,ANAY DUBEY,bainspari@textile.iitd.ac.in,,,,50,2,TXD351
800,MINOR DESIGN PROJECT - II,P,0.0-0.0-2.0,,ANAY DUBEY,bainspari@textile.iitd.ac.in,,,,60,0,TXD352
801,MINOR DESIGN PROJECT - VI,P,0.0-0.0-4.0,,ANAY DUBEY,bainspari@textile.iitd.ac.in,,,,60,0,TXD356
802,MINOR DESIGN PROJECT - VII,P,0.0-0.0-4.0,,ANAY DUBEY,bainspari@textile.iitd.ac.in,,,,60,0,TXD357
803,MINOR DESIGN PROJECT-VIII,P,0.0-0.0-4.0,,ANAY DUBEY,bainspari@textile.iitd.ac.in,,,,60,0,TXD358
804,MAJOR PROJECT PART I,P,0.0-0.0-8.0,,ALIA MADAN,ravalvanya@textile.iitd.ac.in,,,,120,92,TXD401
805,MAJOR PROJECT PART II,P,0.0-0.0-16.0,,ALIA MADAN,ravalvanya@textile.iitd.ac.in,,,,120,0,TXD402
806,MAJOR PROJECT PART-I (TXE),P,0.0-0.0-12.0,,ISHAAN GOYAL,usahota@textile.iitd.ac.in,,,,30,17,TXD801
807,MAJOR PROJECT PART-I (TXF),P,0.0-0.0-12.0,,EMIR BHATTI,mannat27@textile.iitd.ac.in,,,,30,16,TXD802
808,MAJOR PROJECT PART-I,P,0.0-0.0-12.0,,SHALV SEKHON,chadrania@textile.iitd.ac.in,,,,30,11,TXD805
809,TEXTILE FIBRES,D,2.0-0.0-2.0,,NAYANTARA BISWAS,eramaswamy@textile.iitd.ac.in,TWF 09:00-10:00,,,120,92,TXL111
810,POLYMER CHEMISTRY,B,3.0-0.0-0.0,,EMIR BHATTI,mannat27@textile.iitd.ac.in,MTh 09:30-11:00,,,120,92,TXL130
811,MANUFACTURED FIBRE TECHNOLOGY,E,3.0-0.0-0.0,,LAGAN BADAMI,somanira@textile.iitd.ac.in,TWF 10:00-11:00,,,120,112,TXL212
812,YARN MANUFACTURE II,B,3.0-0.0-0.0,,ANAY DUBEY,bainspari@textile.iitd.ac.in,MTh 09:30-11:00,,,120,125,TXL222
813,FABRIC MANUFACTURE II,D,3.0-0.0-0.0,,KRISH ARYA,qboase@textile.iitd.ac.in,TWF 09:00-10:00,,,120,102,TXL232
814,TECH. OF TEXTILE COLORATION,F,3.0-0.0-0.0,,KANAV SASTRY,navyagarde@textile.iitd.ac.in,TThF 11:00-12:00,,,120,104,TXL242
815,COSTING & ITS APP. IN TEXTILES,E,3.0-1.0-0.0,,AKARSH GANGULY,akarshkumar@textile.iitd.ac.in,TWF 10:00-11:00,MTThF 13:00-14:00,,70,75,TXL381
816,MODELLING & SIM. IN FIB. ASSE.,H,2.0-0.0-2.0,,TARAN RANDHAWA,kairachoudhury@textile.iitd.ac.in,M 11:00-12:00,,,50,33,TXL700
817,H.P. AND SPECIALTY FIBRES,F,3.0-0.0-0.0,,JIYA LOKE,jmanda@textile.iitd.ac.in,TThF 11:00-12:00,,,55,51,TXL710
818,POLYMER AND FIBRE CHEMISTRY,A,3.0-0.0-0.0,,SUHANA KEER,tandonpihu@textile.iitd.ac.in,MTh 08:00-09:30,,,30,15,TXL711
819,POLYMER AND FIBRE PHYSICS,B,3.0-0.0-0.0,,NEYSA LUTHRA,mannat37@textile.iitd.ernet.in,MTh 09:30-11:00,,,30,23,TXL712
820,TECHNOLOGY OF MELT SPUN FIBRES,E,3.0-1.0-0.0,,KABIR BUCH,nakul69@textile.iitd.ac.in,TWF 10:00-11:00,MTThF 13:00-14:00,,50,12,TXL713
821,FUNCTIONAL AND SMART TEXTILES,C,3.0-0.0-0.0,,NAYANTARA BISWAS,eramaswamy@textile.iitd.ac.in,TWF 08:00-09:00,,,50,47,TXL719
822,THEORY OF YARN STRUCTURE,E,3.0-0.0-0.0,,HRIDAAN DE,jayantraju@textile.iitd.ac.in,TWF 10:00-11:00,,,30,19,TXL721
823,MECHANICS OF SPINNING PROCESSE,A,3.0-0.0-0.0,,NITYA TATA,mannanmadhup@textile.iitd.ac.in,MTh 08:00-09:30,,,30,19,TXL722
824,TEXTURED YARN TECHNOLOGY,H,3.0-0.0-0.0,,SUHANA SARAF,zaina02@textile.iitd.ac.in,M 11:00-12:00,,,50,31,TXL724
825,THEORY OF FABRIC STRUCTURE,F,3.0-0.0-0.0,,ALIA WALI,shrayrout@textile.iitd.ac.in,TThF 11:00-12:00,,,30,21,TXL731
826,ADVANCED FABRIC MANUFACTURING,B,3.0-0.0-0.0,,ISHAAN GOYAL,usahota@textile.iitd.ac.in,MTh 09:30-11:00,,,30,22,TXL732
827,NONWOVEN SCIENCE & ENGINEERING,B,3.0-0.0-0.0,,VANYA BADAL,samrasumer@textile.iitd.ac.in,MTh 09:30-11:00,,,50,50,TXL734
828,COLOUR SCIENCE,AB,3.0-0.0-0.0,,NIRVI JHA,lbaria@textile.iitd.ac.in,MTh 15:30-17:00,,,30,14,TXL747
829,THEORY AND PRACTICE OFDYEING,F,3.0-0.0-0.0,,SHALV SEKHON,chadrania@textile.iitd.ac.in,TThF 11:00-12:00,,,30,22,TXL749
830,SCIENCE OF CLOTHING COMFORT,D,3.0-0.0-0.0,,HRISHITA DUGAL,savantprisha@textile.iitd.ac.in,TWF 09:00-10:00,,,50,52,TXL750
831,DESIGN OF FUNCTIONAL CLOTHING,J,3.0-0.0-0.0,,ANAY BATTA,sanghvinitya@textile.iitd.ac.in,MTF 12:00-13:00,,,50,45,TXL752
832,ADVANCED TEXTILE PRINTINGTECHNOLOGY,C,2.0-0.0-0.0,,SUHANA SARAF,zaina02@textile.iitd.ac.in,TWF 08:00-09:00,,,30,12,TXL753
833,TEXTILE WET PROCESSING MACHINES: AUTOMATION & CONTROL,AB,3.0-0.0-0.0,,ALIA MADAN,ravalvanya@textile.iitd.ac.in,MTh 15:30-17:00,,,50,7,TXL755
834,COMPUTATIONAL METHODS FOR TEXTILES,M,2.0-0.0-2.0,,HRISHITA SEKHON,qsarraf@cc.iitd.ac.in,MTh 17:00-18:30,,,50,7,TXL772
835,INTRODUCTION TO TEXTILE TECH.,P,0.0-0.0-2.0,,TARAN RANDHAWA,kairachoudhury@textile.iitd.ac.in,,,,120,97,TXN101
836,YARN MANUFACTURE LAB II,B,0.0-0.0-2.0,,NITYA TATA,mannanmadhup@textile.iitd.ac.in,,,,120,117,TXP222
837,FABRIC MANUFACTURE LAB II,D,0.0-0.0-2.0,,KRISH ARYA,qboase@textile.iitd.ac.in,,,,120,109,TXP232
838,TECH OF TEXTILE COLORATION LAB,E,0.0-0.0-3.0,,KANAV SASTRY,navyagarde@textile.iitd.ac.in,,,,120,111,TXP242
839,POLYMER AND FIBRE CHEMISTRY LA,A,0.0-0.0-2.0,,SUHANA KEER,tandonpihu@textile.iitd.ac.in,,,,30,10,TXP711
840,POLYMER AND FIBRE PHYSICS LABO,B,0.0-0.0-2.0,,NEYSA LUTHRA,mannat37@textile.iitd.ernet.in,,,,30,11,TXP712
841,TEXTILE COLORATION LAB,P,0.0-0.0-2.0,,SHALV SEKHON,chadrania@textile.iitd.ac.in,,,,30,12,TXP749
842,CHARACTERIZATION OF CHEMICALSAND FINISHED TEXTILES,P,0.0-0.0-2.0,,ALIA MADAN,ravalvanya@textile.iitd.ac.in,,,,30,12,TXP751
843,SEMINAR COURSE 1,P,0.0-0.0-2.0,,SUHANA SARAF,zaina02@textile.iitd.ac.in,,,,120,120,TXQ301
844,PROFESSIONAL PRACTICES,P,0.0-0.0-2.0,,SUHANA SARAF,zaina02@textile.iitd.ac.in,,,,30,12,TXR752
845,INDEPENDENT STUDY,P,0.0-3.0-0.0,,KABIR BUCH,nakul69@textile.iitd.ac.in,,,,30,5,TXS301
846,RESEARCH SEMINAR,P,0.0-0.0-2.0,,SHALV SEKHON,chadrania@textile.iitd.ac.in,,,,30,11,TXS751
847,SUMMER INTERNSHIP - I,P,0.0-0.0-4.0,,LAGAN BADAMI,somanira@textile.iitd.ac.in,,,,60,0,TXT200
848,SUMMER INTERNSHIP - II,P,0.0-0.0-4.0,,LAGAN BADAMI,somanira@textile.iitd.ac.in,,,,60,0,TXT300
849,SEMESTER INTERNSHIP,P,0.0-0.0-10.0,,LAGAN BADAMI,somanira@textile.iitd.ac.in,,,,60,0,TXT400
850,INDUSTRIAL SUMMER TRAINING,P,0.0-0.0-0.0,,SHALV SEKHON,chadrania@textile.iitd.ac.in,,,,30,11,TXT800
851,GLOBAL POLITICAL ECONOMY,X,1.0-0.0-0.0,,ALIA SANDAL,nrau@hss.iitd.ac.in,,,,30,0,HSV319
852,PROFE. ETHICS  & SOCIAL RESP.,P,0.0-0.0-1.0,,DAMINI GOSWAMI,krish93@mech.iitd.ernet.in,,,,900,1091,NEN100
853,INTRODUCTION TO ENGINEERING,P,0.0-0.0-0.0,,TARA AMBLE,nityadubey@mech.iitd.ac.in,,,,1000,1087,NIN100
854,LANGUAGE & WRITING SKILL,P,0.0-0.0-2.0,,NIRVI MANDER,mishti64@hss.iitd.ac.in,,,,895,1124,NLN100
